time_s,a_mean,a_std,user00,user10,user01
0.0,,,,,
1.0,0.24438201387723288,0.09717657104512724,0.2419780343770981,0.148429736495018,0.3427382707595825
2.0,0.2191525548696518,0.07247955345019753,0.21439947187900546,0.1491665244102478,0.2938916683197021
3.0,0.2841578622659047,0.01613616851416955,0.27158698439598083,0.2785329818725586,0.3023536205291748
4.0,0.2446934332450231,0.06642323365974939,0.2348485589027405,0.18374209105968475,0.31548964977264404
5.0,0.25188219547271723,0.03530985377889473,0.2388248443603516,0.22496068477630607,0.2918610572814941
6.0,0.1980888992547989,0.05369552326884328,0.19423353672027588,0.14642496407032013,0.25360819697380066
7.0,0.24636120597521463,0.09783161747537965,0.16903896629810333,0.3563453853130341,0.21369926631450653
8.0,0.1545383185148239,0.06382182222441447,0.08220219612121582,0.20290634036064148,0.17850641906261444
9.0,0.227062260111173,0.030933998472442062,0.2478075027465821,0.2418717443943024,0.19150753319263453
10.0,0.16699547320604324,0.024932231654422557,0.14936572313308716,,0.18462522327899933
11.0,0.21381286531686783,0.09074008911166571,0.1496499329805374,,0.27797579765319824
12.0,0.09522467851638794,0.15526173994507148,0.0020186901092529297,0.009197771549224857,0.27445757389068604
13.0,0.2218074252208074,0.0427289686982977,0.2183621376752853,0.1809054017066956,0.2661547362804413
14.0,0.1516089290380478,0.11178029370547252,0.040143489837646484,0.1509818583726883,0.2637014389038086
15.0,0.22211339076360068,0.05984124296976577,0.25364798307418823,0.15309995412826538,0.2595922350883484
16.0,0.16588436563809714,0.0798671301242751,0.12384352087974547,0.1158190369606018,0.2579905390739441
17.0,0.2922328362862269,0.08326640412795443,0.20238853991031647,0.30750206112861633,0.3668079078197479
18.0,0.12847871581713358,0.10863701612282964,0.1904977560043335,0.0030381083488464355,0.19190028309822085
19.0,0.2301631967226664,0.038165268083546804,0.1869708001613617,0.2441830933094025,0.2593356966972351
20.0,0.1605886568625768,0.01297452694261066,0.14954227209091187,0.15734706819057465,0.1748766303062439
21.0,0.22467863559722903,0.008455800460762776,0.23432119190692904,0.2211864143610001,0.218528300523758
22.0,0.23651020228862762,0.042670532423891835,0.2577003538608551,0.18739230930805206,0.2644379436969757
23.0,0.2738593916098277,0.050915795293823424,0.24176594614982605,0.2472455203533173,0.3325667083263397
24.0,0.2530868152777354,0.05444353996395488,0.29162168502807617,0.1908031404018402,0.2768356204032898
25.0,0.20537127057711282,0.0348210086753576,0.16576646268367767,0.2191655933856964,0.2311817556619644
26.0,0.24368296066919962,0.1572009957646896,0.3801780939102173,0.07180643081665039,0.2790643572807312
27.0,0.1921312908331553,0.09652242040918221,0.09116768836975098,0.28349512815475464,0.20173105597496035
28.0,0.21997610727945963,0.11577013383666492,0.2914600670337677,0.08640643954277039,0.2820618152618408
29.0,0.22684693336486816,0.08887834946786298,0.29962313175201416,0.2531252503395081,0.12779241800308228
30.0,0.24387952188650766,0.025372459806136838,0.2297888845205307,0.2286795675754547,0.2731701135635376
31.0,0.21184499561786652,0.047027619302106284,0.2593522369861603,0.2108706086874008,0.16531214118003845
32.0,0.19205609460671744,0.05614118538320598,0.1459343135356903,0.1756655126810074,0.2545684576034546
33.0,0.20934065183003744,0.10075065202135917,0.18638472259044647,0.12204886972904205,0.3195883631706238
34.0,0.24036893248558044,0.0777109013211928,0.30555260181427,0.15437015891075134,0.26118403673172
35.0,0.22490603725115457,0.11357917542637569,0.3234222233295441,0.1006736159324646,0.2506222724914551
36.0,0.2508985797564189,0.07130514627858492,0.3165203034877777,0.1750207245349884,0.2611547112464905
37.0,0.25182755788167316,0.08043998981801675,0.32329148054122925,0.16471201181411746,0.26747918128967285
38.0,0.2476145327091217,0.08418563613746446,0.25246500968933105,0.16110852360725406,0.32927006483078003
39.0,0.20414345463116965,0.05697267264434641,0.14798130095005035,0.2025556117296219,0.2618934512138367
40.0,0.26292893787225086,0.03883194566715042,0.2367704063653946,0.2444690465927124,0.30754736065864563
41.0,0.26554738481839496,0.10748054027688775,0.3261353671550751,0.14145100116729736,0.3290557861328125
42.0,0.24012390772501627,0.055448212508575984,0.20263275504112244,0.21392157673835754,0.30381739139556885
43.0,0.22327640652656555,0.06020333114083758,0.2885110080242157,0.16985583305358887,0.2114623785018921
44.0,0.24134660263856253,0.08153750308579208,0.2450038194656372,0.1580420285463333,0.32099395990371704
45.0,0.22778036197026572,0.038309678027282135,0.2309363931417465,0.1879902929067612,0.26441439986228943
46.0,0.1996688644091288,0.06705062084128847,0.18824659287929527,0.13906307518482208,0.27169692516326904
47.0,0.22302384177843734,0.0811331771223498,0.2814581394195557,0.13039007782936096,0.2572233080863953
48.0,0.2825104196866353,0.17306636844349876,0.35064589977264404,0.08574622869491577,0.4111391305923462
49.0,0.23330038289229074,0.042119457263851835,0.2686658501625061,0.18670378625392914,0.24453151226043696
50.0,0.22914022207260132,0.012171376901866105,0.21528837084770205,0.2381245642900467,0.23400773108005524
51.0,0.2821591595808665,0.04974429274747593,0.3291662037372589,0.23006808757781985,0.28724318742752075
52.0,0.2549787163734436,0.03643838422641368,0.29150715470314026,0.2186310589313507,0.25479793548583984
53.0,0.27108098566532135,0.023039734888474092,0.28890109062194824,0.2450635582208633,0.2792783081531525
54.0,0.19150909781455994,0.005831017760095341,0.1861332803964615,0.1977078765630722,0.19068613648414606
55.0,0.26950768133004505,0.08862506743007159,0.1890627890825272,0.36451029777526855,0.2549499571323395
56.0,0.2838363995154699,0.09051819726201477,0.3813562691211701,0.2676486968994141,0.2025042325258255
57.0,0.2504630759358406,0.07672723135930914,,0.30471742153167725,0.196208730340004
58.0,0.2135378867387772,0.09870899395715088,,0.14374008774757385,0.2833356857299805
59.0,0.24126322070757547,0.021287310743747564,0.2272250801324845,0.2308080941438675,0.2657564878463745
60.0,0.1931621779998143,0.06399266113916492,0.2484884560108185,0.12308073043823242,0.20791734755039207
61.0,0.17114786803722382,0.11618025411495929,0.28577089309692383,0.053470611572265625,0.174202099442482
62.0,0.1820948670307795,0.06908678853335397,0.2423854470252991,0.1067083477973938,0.1971908062696457
63.0,0.10413570205370586,0.031089764303567077,0.13428348302841187,0.07218262553215027,0.10594099760055542
64.0,0.20418443282445273,0.035963343042205935,0.2305628806352616,0.1632194072008133,0.21877101063728333
65.0,0.15270188450813293,0.1126448525598958,0.08739227056503296,0.08794081211090088,0.28277257084846497
66.0,0.22665083905061087,0.07223832631183331,0.2377878576517105,0.2926738858222961,0.14949077367782593
67.0,0.2620764623085658,0.05226705666953564,0.32209697365760803,0.22658908367156985,0.2375433295965195
68.0,0.2023494988679886,0.010718006796593118,0.20992827415466309,,0.1947707235813141
69.0,0.20048902183771133,0.09642460315772401,0.1323065310716629,,0.26867151260375977
70.0,0.22265845040480295,0.11769749966248703,0.12352973222732545,0.1917068213224411,0.35273879766464233
71.0,0.2036922524372737,0.04320551656752829,0.2155917286872864,0.23970104753971105,0.1557839810848236
72.0,0.1838128666083018,0.1040111152100513,0.18436133861541748,0.07952859997749329,0.28754866123199463
73.0,0.29262792070706684,0.09542482222158787,0.3179075419902801,0.372867614030838,0.1871086061000824
74.0,0.27570740878582,0.03270761596641672,0.2380760461091995,0.2972977161407471,0.2917484641075134
75.0,0.24775867660840353,0.025794887536535298,0.21929410099983213,0.2695871591567993,0.2543947696685791
76.0,0.1937571962674459,0.0729392083443755,0.26923614740371704,0.12365533411502838,0.18838010728359225
77.0,0.25003255407015484,0.04739025301039754,0.30133867263793945,0.240859717130661,0.207899272441864
78.0,0.1946499248345693,0.03120325345821239,0.20457550883293152,0.219683051109314,0.1596912145614624
79.0,0.2703346982598305,0.053678847929490174,,0.2323780208826065,0.30829137563705444
80.0,0.3054547955592473,0.1013485556028932,0.4051409959793091,0.2025219053030014,0.3087014853954315
81.0,0.22572157780329385,0.046612430443671964,0.2794960141181946,0.19684660434722895,0.200822114944458
82.0,0.18646854162216187,0.016864047802829393,0.1701730191707611,0.2038487493991852,0.1853838562965393
83.0,0.20345855255921683,0.05763376728457115,0.24974578619003296,0.13890515267848969,0.2217247188091278
84.0,0.2351055939992269,0.060033040879301384,0.2630497217178345,0.1661943793296814,0.2760726809501648
85.0,0.21296567221482596,0.08912572187452537,0.21894212067127228,0.12100213766098022,0.2989527583122253
86.0,0.22182149191697442,0.04076646354464859,0.17489761114120486,0.2485263645648957,0.2420405000448227
87.0,0.22351370255152384,0.036568121454754444,0.26503971219062805,0.2093779444694519,0.1961234509944916
88.0,0.2155600686868032,0.1133612177759684,0.3344645798206329,0.10870471596717833,0.20351091027259827
89.0,0.23433370888233185,0.08583052947412186,0.3083813190460205,0.2543589472770691,0.14026086032390594
90.0,0.0980153779188792,0.1277517673541082,-0.049468278884887695,0.17439202964305878,0.1691223829984665
91.0,0.16358942786852518,0.011855199080731037,0.1691872477531433,0.1499718278646469,0.17160920798778534
92.0,0.2704464892546336,0.00850368720216852,0.2755575478076935,0.2606300711631775,0.2751518487930298
93.0,0.16560551524162292,0.04043231471347086,,0.1941954791545868,0.13701555132865906
94.0,0.19939292470614114,0.08245930937872611,0.27487051486968994,0.11138597130775453,0.21192228794097895
95.0,0.24241559704144797,0.0502018136916296,0.2935397028923035,0.24051715433597565,0.1931899338960648
96.0,0.12357474366823833,0.1049884660074816,0.04549294710159302,0.0823037326335907,0.24292755126953125
97.0,0.2172558307647705,0.03947598037710213,0.25841078162193304,0.21365055441856384,0.1797061562538147
98.0,0.26006553570429486,0.04313812209760251,0.309638112783432,0.2395002990961075,0.23105819523334506
99.0,0.18337074915568033,0.14056746571382167,0.2166526019573212,0.029149115085601807,0.30431053042411804
100.0,0.23075525959332785,0.029531387300017958,0.23572595417499545,0.19905395805835724,0.2574858665466309
101.0,0.25143734117348987,0.027716924510827495,0.2394881099462509,0.23169931769371035,0.2831245958805084
102.0,0.22143182158470154,0.09675641620300054,0.11097714304924013,0.2621117532253265,0.291206568479538
103.0,0.13700377941131592,0.13331998780084325,0.19654566049575808,-0.015711426734924316,0.230177104473114
104.0,0.22438469032446542,0.05499262946065188,0.1615411788225174,0.24791917204856875,0.2636937201023102
105.0,0.21248126526673636,0.015027034369728015,0.1980704516172409,0.21131660044193268,0.22805674374103546
106.0,0.21434945861498514,0.05259868701088418,0.2614510655403137,0.15759171545505524,0.2240055948495865
107.0,0.2666883170604706,0.13998811565575522,0.3219326138496399,0.10750734806060792,0.370624989271164
108.0,0.30845453838507336,0.11135352452710971,0.4363025724887848,0.2563950717449188,0.2326659709215164
109.0,0.22182501355806986,0.11682880583360442,0.2799210548400879,0.2982170581817627,0.08733692765235901
110.0,0.19076441725095114,0.03754211618003637,0.2310546040534973,0.15676522254943848,0.1844734251499176
111.0,0.24676408370335898,0.054838882125540486,0.1940170526504517,0.2427959442138672,0.3034792542457581
112.0,0.23547643919785818,0.10782401045837259,0.35439354181289673,0.2079562544822693,0.1440795212984085
113.0,0.2521304488182068,0.05694654579155842,0.3132435977458954,0.24259282648563385,0.20055492222309115
114.0,0.15266782542069754,0.1222902279599415,0.23314788937568665,0.21291221678256989,0.01194337010383606
115.0,0.2274593810240428,0.011714430971912937,0.2268551737070084,0.2160587459802628,0.2394642233848572
116.0,0.21605529387791952,0.02907121747030169,0.23161762952804565,0.234032541513443,0.1825157105922699
117.0,0.2351325104633967,0.050756250918362784,0.27254050970077515,0.1773557811975479,0.2555012404918671
118.0,0.15893110632896423,0.10094361399906014,0.17249086499214172,0.05189299583435058,0.2524094581604004
119.0,0.20032054682572684,0.0494877061454256,0.14382943511009216,0.23602256178855896,0.22110964357852936
120.0,0.21217688918113708,0.010714497690847341,0.2168172895908356,0.19992439448833466,0.21978898346424106
121.0,0.21925819913546243,0.025902617394747408,0.24875447154045105,0.20880226790905,0.2002178579568863
122.0,0.19003375619649887,0.04201679387310154,,0.21974411606788635,0.1603233963251114
123.0,0.10706723481416702,0.15652839043119976,,-0.003615051507949829,0.21774952113628387
124.0,0.22917077442010245,0.14808639216709385,0.14667175710201266,0.1407090127468109,0.40013155341148376
125.0,0.1613204081853231,0.17505980417867886,-0.010696172714233398,0.15538492798805234,0.3392724692821503
126.0,0.21116909881432852,0.19419886767918262,0.224894180893898,0.01047179102897644,0.3981413245201111
127.0,0.21852152546246847,0.10539314134056932,0.14795270562171936,0.16794124245643616,0.3396706283092499
128.0,0.19541124999523163,0.04800162417017614,0.16996638476848602,0.16548892855644226,0.2507784366607666
129.0,0.12607463200887045,0.08773536607608773,0.18975526094436648,0.1624697744846344,0.025998860597610474
130.0,0.11749722560246782,0.07534022381373935,0.034169405698776245,0.13751615583896634,0.18080611526966087
131.0,0.14750297367572784,0.07877637871836714,0.2112620174884796,0.17180891335010529,0.05943799018859864
132.0,0.1544407308101654,0.07232992024807322,0.18472783267498016,0.20670367777347565,0.0718906819820404
133.0,0.1308691998322805,0.08083542621409195,0.03890588879585266,0.19068661332130432,0.16301509737968445
134.0,0.16773057480653128,0.047362039262509675,0.22220110893249512,0.14472419023513794,0.13626642525196075
135.0,0.1420790503422419,0.06829796342075346,0.22056101262569427,0.1095498502254486,0.09612628817558287
136.0,0.07076782981554668,0.08604229893998788,0.11603927612304688,-0.02845868468284607,0.1247228980064392
137.0,0.283442089955012,0.16822264169660708,0.23522937297821045,0.1445898413658142,0.4705070555210114
138.0,0.1931673288345337,0.06344513060169808,0.21490491926670074,0.1217106431722641,0.24288642406463626
139.0,0.20857156813144684,0.08380901697851642,0.17992769181728366,0.14283978939056394,0.3029472231864929
140.0,0.20650682349999747,0.10196815490642953,0.15150150656700134,0.14385230839252472,0.3241666555404663
141.0,0.14482230444749197,0.035832253264230354,0.12490898370742798,0.186188280582428,0.12336964905261992
142.0,0.18870948255062103,0.17395178170176995,,0.0657069981098175,0.31171196699142456
143.0,0.20812904089689255,0.0483213512810279,,0.17396068572998047,0.24229739606380465
144.0,0.2370624840259552,0.02467397136192391,0.2600647509098053,0.2401207685470581,0.2110019326210022
145.0,0.1916597634553909,0.04430887602294658,0.16790039837360382,0.1642979383468628,0.2427809536457061
146.0,0.17593136429786682,0.080897731917695,0.2435234785079956,0.086296945810318,0.19797366857528687
147.0,0.2385096475481987,0.058806454592749795,,0.19692720472812653,0.2800920903682709
148.0,0.25196750462055206,0.03429758832979166,0.2722633183002472,0.2123682051897049,0.2712709903717041
149.0,0.20215077201525367,0.04301153591003281,0.16479960083961487,0.19247746467590326,0.2491752505302429
150.0,0.24546377857526144,0.0602836295328184,0.2900182902812958,0.17686927318572998,0.2695037722587585
151.0,0.2753433287143707,0.028234141275094958,0.24650537967681885,0.3029322028160095,0.2765924036502838
152.0,0.17974639435609183,0.11140671498651576,0.18233607709407806,0.06706741452217102,0.2898356914520264
153.0,0.1793979654709498,0.10511744467163976,0.2037809640169144,0.06423181295394897,0.2701811194419861
154.0,0.21921896934509277,0.041392764419149145,0.17814883589744568,0.2185810804367065,0.2609269917011261
155.0,0.18934770425160727,0.20858918548851607,0.2593585252761841,-0.045240551233291626,0.3539251387119293
156.0,0.1759565124909083,0.10419075567492787,0.2117146998643875,0.05859512090682984,0.2575597167015076
157.0,0.2483328382174174,0.12460037346735196,0.2356413453817368,0.13056392967700958,0.37879323959350586
158.0,0.24939205745855966,0.05323767425066755,0.2537552118301392,0.1941070705652237,0.30031388998031616
159.0,0.1590007742245992,0.04048056547038218,0.11287906765937805,0.175483837723732,0.1886394172906876
160.0,0.21052764852841696,0.14773456815111732,0.26857492327690125,0.04258537292480469,0.3204226493835449
161.0,0.13874229292074838,0.16898094417362897,0.16088195145130155,-0.040217190980911255,0.2955621182918549
162.0,0.2407396932442983,0.15609035137242977,0.2146616280078888,0.0993308424949646,0.4082266092300415
163.0,0.14319878816604614,0.06884927353803391,0.07817831635475159,0.136092409491539,0.21532563865184784
164.0,0.2038062463204066,0.03836711789854334,0.18517738580703733,0.24793101847171786,0.1783103346824646
165.0,0.2299728790918986,0.10529209588997406,0.2794920802116394,0.10905033349990843,0.30137622356414795
166.0,0.1890756090482076,0.11626907060147583,0.06568238139152527,0.2965879440307617,0.20495650172233584
167.0,0.20207791527112326,0.12028390367480721,0.2500453889369965,0.0652112364768982,0.2909771203994751
168.0,0.21958007911841074,0.01877748636029514,0.22275175154209131,0.23656974732875824,0.19941873848438266
169.0,0.16603065530459085,0.05578723525312504,0.10554644465446472,0.17707742750644684,0.21546809375286105
170.0,0.25034119188785553,0.10193653818827739,0.1726517528295517,0.21260705590248108,0.3657647669315338
171.0,0.20516922573248544,0.031302170454596476,0.2411278635263443,0.18401844799518585,0.1903613656759262
172.0,0.1127994308869044,0.10878514443588691,0.20976753532886505,-0.004837334156036377,0.13346809148788452
173.0,0.1406017988920212,0.06837122390895527,0.2161382585763932,0.12271589040756226,0.08295124769210815
174.0,0.08326468865076701,0.03940640808616153,0.12866947054862976,0.05797979235649109,0.06314480304718018
175.0,0.16070081790288288,0.09242678651377167,0.2674111723899841,0.10889032483100893,0.10580095648765564
176.0,0.15210604667663574,0.054637600597104624,0.2041570395231247,0.0952051877975464,0.15695591270923615
177.0,0.31730831662813824,0.31847290601123146,0.19185802340507507,0.08066469430923462,0.679402232170105
178.0,0.2428922007481257,0.03330438595814118,0.27728214859962463,0.21079149842262268,0.24060295522212985
179.0,0.22301116585731506,0.033408311844451144,0.1861424744129181,0.2316149473190308,0.25127607583999634
180.0,0.18824351827303568,0.14252815769640362,0.2970271706581116,0.0268990695476532,0.2408043146133423
181.0,0.1783462663491567,0.22860051355726482,0.13538199663162231,-0.025723695755004883,0.4253804981708527
182.0,0.25621119638284046,0.10481809929471751,0.2692190110683441,0.14549629390239716,0.3539182841777801
183.0,0.26981960733731586,0.06516558664159429,0.30163824558258057,0.19485747814178467,0.3129630982875824
184.0,0.19289912780125937,0.25123421711446564,0.3044869601726532,-0.09479939937591553,0.3690098226070404
185.0,0.17600472271442413,0.04613318079989417,0.21830067038536072,0.12681107223033905,0.18290242552757266
186.0,0.14274337391058603,0.07690671291467895,0.14524860680103302,0.06461465358734131,0.2183668613433838
187.0,0.17355226476987204,0.09045042284489715,0.0785473883152008,0.1834803223609925,0.25862908363342285
188.0,0.13110908369223276,0.18983097405402935,0.13565261662006378,-0.06095287203788757,0.3186275064945221
189.0,0.2046948422988256,0.08892249178248637,0.2652212679386139,0.10260111093521118,0.2462621480226517
190.0,0.17798413336277008,0.07032316785037189,0.15846972167491913,0.11947906017303468,0.25600361824035645
191.0,0.21055166920026144,0.08993201358012408,0.27814149856567383,0.1084817349910736,0.2450317740440369
192.0,0.19131713112195334,0.08914517776621902,0.27763259410858154,0.09958890080451964,0.1967298984527588
193.0,0.11928964654604594,0.15357085248001465,0.18200957775115967,-0.05571454763412476,0.2315739095211029
194.0,0.17253513137499488,0.11364440870100638,0.21016499400138847,0.04484850168228149,0.2625918984413147
195.0,0.2399682899316152,0.2129069545161598,0.4231535196304321,0.0063835978507995605,0.2903677523136139
196.0,0.17157679299513498,0.04675554568067789,0.14991949498653412,0.13957668840885162,0.22523419559001925
197.0,0.28581345578034717,0.12859478995750234,0.42352160811424255,0.16885565221309662,0.2650631070137024
198.0,0.2179228663444519,0.047613680346614805,0.2376333922147751,0.16361893713474274,0.2525162696838379
199.0,0.18392977118492126,0.03970962948903679,0.20616863667964933,0.13808384537696838,0.20753683149814608
200.0,0.1594403088092804,0.03591537607662302,0.14623820781707764,0.13199444115161896,0.2000882774591446
201.0,0.1891535222530365,0.09262536244005905,0.10406085848808287,0.17558491230010986,0.28781479597091675
202.0,0.24150228003660837,0.0644220431128755,0.29450058937072754,0.1697971075773239,0.2602091431617737
203.0,0.15093852082888284,0.1724409170131411,0.2612469494342804,-0.0477772057056427,0.2393458187580109
204.0,0.17720301946004233,0.08265253605304085,0.23980411887168884,0.08351442217826842,0.20829051733016968
205.0,0.06657042105992635,0.1642885801955523,0.15042904019355774,-0.12272420525550842,0.17200642824172974
206.0,0.22265149156252548,0.061505623306973324,0.16923224925994873,0.2088305056095124,0.28989171981811523
207.0,0.1662870148817698,0.1326174325604721,0.20828890800476074,0.01775464415550232,0.2728174924850464
208.0,0.20170036454995474,0.09452712155763718,0.2721858024597168,0.09428265690803528,0.2386326342821121
209.0,0.12775173286596933,0.06988084763881072,0.17794980108737946,0.04794028401374817,0.1573651134967804
210.0,0.17842185497283936,0.09248188937977608,0.22360870242118835,0.2396228909492493,0.07203397154808044
211.0,0.18346360822518662,0.04810449595586359,0.13256485760211945,0.18965083360672,0.2281751334667205
212.0,0.2166116734345754,0.21320244221090037,0.38597336411476135,-0.022803604602813717,0.28666526079177856
213.0,0.16926692922910055,0.18381751225339552,0.2955613732337952,-0.04161709547042847,0.2538565099239349
214.0,0.18125941356023154,0.18544686240393204,0.25914448499679565,-0.03042852878570557,0.3150622844696045
215.0,0.12172878285249074,0.18645452081440653,0.26731017231941223,-0.08842942118644714,0.18630559742450714
216.0,0.16189323365688324,0.2369028836713781,0.24707664549350736,-0.10582247376441956,0.3444255292415619
217.0,0.11604792873064677,0.1844937072266785,0.2032171189785004,-0.09587880969047546,0.2408054769039154
218.0,0.10600435733795166,0.162820324653193,0.1774892807006836,-0.08032989501953125,0.22085368633270264
219.0,0.18379726012547812,0.05642723295529178,0.15727944672107694,0.1455135941505432,0.2485987395048141
220.0,0.18698145945866904,0.1318973725787258,0.1731744110584259,0.06253072619438171,0.32523924112319946
221.0,0.1442407270272573,0.12220933310590082,0.16667750477790833,0.012367606163024902,0.2536770701408386
222.0,0.18582385778427124,0.16686574367688226,0.0997397005558014,0.0795799195766449,0.3781519532203674
223.0,0.2157710095246633,0.07920504002610164,0.25884583592414856,0.12436330318450928,0.26410388946533203
224.0,0.17601666847864786,0.05737277609550051,0.18833868205547333,0.11348402500152588,0.2262272983789444
225.0,0.19446568687756857,0.08587979096032969,0.2114265263080597,0.1013709306716919,0.2705996036529541
226.0,0.17636683583259583,0.11911897010976939,0.05774679780006409,0.2959785461425781,0.17537516355514526
227.0,0.22619997461636862,0.0774156851348162,0.2136269509792328,0.15584036707878113,0.3091326057910919
228.0,0.2340226670106252,0.17136480872103715,0.14747639000415802,0.12319128215312958,0.431400328874588
229.0,0.1719786574443181,0.10750609466523768,0.19468627870082847,0.05493268370628357,0.2663170099258423
230.0,0.3239583373069764,0.08011443680300376,0.24791166186332705,0.4075996577739716,0.3163636922836304
231.0,0.23083836336930594,0.06188288058021212,0.2159171551465988,0.17778030037879944,0.29881763458251953
232.0,0.26174626251061756,0.15665700774620628,0.20825359225273127,0.13884194195270538,0.438143253326416
233.0,0.16615596413612366,0.14966960071499125,0.19197702407836914,0.005255758762359619,0.3012351095676422
234.0,0.28524377445379895,0.060049306720351636,0.2294701486825943,0.3488082587718964,0.2774529159069061
235.0,0.1922557751337687,0.1743144411721582,0.17444103956222534,0.02753278613090515,0.3747934997081757
236.0,0.2468858708937963,0.05070484355185438,0.2475523203611374,0.19585108757019049,0.29725420475006104
237.0,0.22399495045344034,0.03885156875240423,0.2138158082962036,0.19124627113342285,0.2669227719306946
238.0,0.15438666443030039,0.05459675042692645,0.16039004921913147,0.09703633189201356,0.20573361217975614
239.0,0.21913869678974152,0.040189476514024734,0.26430100202560425,0.18731261789798734,0.20580247044563293
240.0,0.2209643324216207,0.02839474646015691,0.1896527707576752,0.2281968593597412,0.2450433671474457
241.0,0.2354541048407555,0.01319696852217054,0.2447857707738877,0.2261224389076233,
242.0,0.26440954208374023,0.032504829683359784,0.24142515659332275,0.2873939275741577,
243.0,0.19464968144893646,0.08327835836773637,0.1357629895210266,0.2535363733768463,
244.0,0.18358774483203888,0.0065660153826636895,0.1789448708295822,0.18823061883449554,
245.0,0.21691524237394333,0.039392794305086104,0.2447701543569565,0.18906033039093012,
246.0,0.15801677107810974,0.3049751680646547,0.2481902241706848,-0.18187737464904785,0.40773746371269226
247.0,0.11605254312356313,0.2112899197786215,0.2754271924495697,-0.1236135959625244,0.1963440328836441
248.0,0.21276380121707916,0.16026539402251105,0.2380645126104355,0.041352927684783936,0.3588739633560181
249.0,0.20725278556346893,0.1380583833513441,0.2366005927324295,0.05688014626502993,0.3282776176929474
250.0,0.22226725021998087,0.14450709523406632,0.24146422743797305,0.06912118196487428,0.3562163412570953
251.0,0.2555656284093856,0.11524404415779807,0.2484678775072097,0.1440345048904419,0.37419450283050537
252.0,0.25324403246243793,0.13151767048493565,0.2767630815505981,0.1115536093711853,0.3714154064655304
253.0,0.2125529398520787,0.03927488586019187,0.2457377612590789,0.16919128596782684,0.22272977232933044
254.0,0.20307649672031403,0.11529112359473145,0.284599632024765,0.12155336141586305,
255.0,0.21090840796629587,0.19632964135752046,0.14684243500232694,0.05461457371711731,0.43126821517944336
256.0,0.16417682667573294,0.2104115713656488,0.22125373780727384,-0.06888473033905029,0.3401614725589752
257.0,0.21526187658309937,0.0943888442522849,0.2395492196083069,0.11110273003578186,0.2951336801052093
258.0,0.19004477063814798,0.07608423568176652,0.17547056078910828,0.12230184674263,0.2723619043827057
259.0,0.10402284562587738,0.12260837749140713,0.20761245489120486,-0.031346529722213745,0.13580261170864105
260.0,0.15096671879291534,0.16160994444178745,0.2190339118242264,-0.033542513847351074,0.2674087584018707
261.0,0.17835814754168192,0.159509094656071,0.2685612440109253,-0.005814254283905029,0.2723274528980255
262.0,0.23583263158798218,0.06141442384428446,0.250654935836792,0.1683635413646698,0.28847941756248474
263.0,0.157030979792277,0.06816068754206196,0.13917098939418793,0.09957841038703916,0.23234353959560394
264.0,0.17936535676320395,0.18994349489537465,0.21375703811645508,-0.025424301624298096,0.34976333379745483
265.0,0.27844879527886707,0.08048483283641941,0.1916978806257248,0.2929535508155823,0.3506949543952942
266.0,0.18322412172953287,0.03338272384115665,0.14763428270816806,0.18819606304168696,0.2138420194387436
267.0,0.2254700462023417,0.20576647225539677,0.04196622967720032,0.18651387095451355,0.4479300379753113
268.0,0.16588128109773,0.15064510942155246,0.02832910418510437,0.1424429565668106,0.326871782541275
269.0,0.17505071063836417,0.13139857088460172,0.040501445531845086,0.1815968006849289,0.3030538856983185
270.0,0.22066520154476166,0.09343749979694653,0.1222863644361496,0.23149096965789795,0.3082182705402374
271.0,0.2715867683291435,0.1284538688759111,0.1807561665773392,0.3624173700809479,
272.0,0.1630304828286171,0.028551803004538138,0.18321965634822845,0.14284130930900574,
273.0,0.2039446085691452,0.11995323938961251,0.11912485957145692,0.2887643575668335,
274.0,0.2137287755807241,0.05938161732524364,0.2027215212583542,0.16062091290950775,0.2778438925743103
275.0,0.17302305003007248,0.09006350831094087,0.07003787159919739,0.21198666095733645,0.2370446175336837
276.0,0.19091308116912842,0.16655876178446732,5.8084726333618164e-05,0.3068977892398834,0.2657833695411682
277.0,0.14324170847733816,0.17761798445566615,-0.061724424362182624,0.23941512405872345,0.25203442573547363
278.0,0.25470084448655445,0.02307791634961016,0.22805391252040866,0.26823875308036804,0.2678098678588867
279.0,0.20420366525650024,0.04958013093310406,0.18691639602184296,0.16558153927326202,0.2601130604743957
280.0,0.1597307324409485,0.12947727647357896,0.1996430456638336,0.014996290206909181,0.26455286145210266
281.0,0.18616590400536856,0.05650026859598905,0.2078111618757248,0.12204325199127194,0.2286432981491089
282.0,0.1603910674651464,0.06681511439008674,0.2123133093118668,0.0850101113319397,0.1838497817516327
283.0,0.1917173465092977,0.11871694232087791,0.2257911860942841,0.059689372777938836,0.28967148065567017
284.0,0.1813047230243683,0.11973044676188538,0.05073884129524231,0.2072202563285828,0.2859550714492798
285.0,0.2584807376066844,0.07400614618512596,0.33173757791519165,0.1837473809719085,0.2599572539329529
286.0,0.12950080633163452,0.11567053610624609,0.180209681391716,-0.0028635859489440922,0.21115632355213165
287.0,0.1830090433359146,0.07166469909858712,0.15552997589111328,0.12915046513080594,0.2643466889858246
288.0,0.13349110881487528,0.10015785408094133,0.14407633244991302,0.028461039066314694,0.2279359549283981
289.0,0.15402711927890775,0.09659322434518197,0.1986633688211441,0.04318806529045105,0.22022992372512812
290.0,0.14593334992726642,0.1283102059288527,0.06886637210845947,0.0748811662197113,0.2940525114536285
291.0,0.2180486669143041,0.037827899032374296,0.20077919960021973,0.19193755090236664,0.2614292502403259
292.0,0.2606564611196518,0.02148670493247261,0.2717223763465881,0.23589234054088595,0.2743546664714813
293.0,0.2429800033569336,0.031957109202525154,0.278717577457428,0.21715030074119568,0.2330721318721771
294.0,0.2188262790441513,0.05884305663079918,0.2553510069847107,0.1509457379579544,0.2501820921897888
295.0,0.2023775279521942,0.06880321290748813,0.15372630953788755,,0.25102874636650085
296.0,0.2249915525317192,0.07383201682112607,0.17278443276882172,,0.2771986722946167
297.0,0.22737028449773788,0.06646028013547962,0.18037576973438266,,0.27436479926109314
298.0,0.28597749024629593,0.10377328551723498,0.21259869635105133,,0.3593562841415405
299.0,0.27645352482795715,0.026778632404124186,0.2575181722640991,,0.2953888773918152
300.0,0.1913099785645803,0.13842352593209406,0.031700193881988525,0.2637250125408173,0.27850472927093506
301.0,0.2527490307887395,0.04508704488325864,0.3039016127586365,0.2355633080005645,0.21878217160701752
302.0,0.2287843624750773,0.06442293319232578,0.2579637169837952,0.15493476390838626,0.2734546065330505
303.0,0.2318317194779714,0.05972259339300538,0.22484853863716125,0.175907701253891,0.29473891854286194
304.0,0.16689608991146088,0.04450155795975189,0.12800368666648865,0.15725751221179962,0.2154270708560944
305.0,0.1124207576115926,0.16212730131054734,0.1918528378009796,-0.07410526275634766,0.21951469779014587
306.0,0.1233917127052943,0.1657811860324622,0.22012707591056824,-0.06803226470947266,0.2180803269147873
307.0,0.14550968011220297,0.08974830618800679,0.1132860779762268,0.07632207870483397,0.2469208836555481
308.0,0.19240074853102365,0.07460201882789601,0.13988080620765686,0.15952779352664948,0.27779364585876465
309.0,0.2865842953324318,0.05712751380889404,0.24618904292583466,,0.3269795477390289
310.0,0.2901187390089035,0.00860889420341092,0.28403133153915405,,0.2962061464786529
311.0,0.2836959660053253,0.06792546264040025,0.2356654107570648,,0.3317265212535858
312.0,0.2649683505296707,0.10076323135357182,0.19371798634529114,,0.3362187147140503
313.0,0.2962045222520828,0.026943279067831952,0.2771527469158173,,0.3152562975883484
314.0,0.24674056470394135,0.03205286795335321,0.2694053649902344,,0.22407576441764832
315.0,0.23142615954081217,0.051130869384185415,0.28980010747909546,0.19457580149173734,0.2099025696516037
316.0,0.23062128325303397,0.10540145874855489,0.12216250598430635,0.3326731324195862,0.2370282113552093
317.0,0.26208043098449707,0.06385643573946405,0.21724674105644226,0.3351934254169464,0.2338011264801025
318.0,0.2547960827747981,0.012335850407613244,0.2579357624053955,0.2411937862634659,0.26525869965553284
319.0,0.2375594973564148,0.09830268484040279,0.12746897339820862,0.2686574161052704,0.3165521025657654
320.0,0.2111043334007263,0.003593271716644821,0.2085635066032409,,0.21364516019821167
321.0,0.3234930634498596,0.10651069171788112,0.248178631067276,,0.3988074958324432
322.0,0.20542214810848236,0.0404824905366231,0.2340475916862488,,0.17679670453071594
323.0,0.25249412655830383,0.0053747768563517226,0.24869358539581304,,0.2562946677207947
324.0,0.22279633581638336,0.04215163217820002,0.2526020407676697,,0.19299063086509705
325.0,0.16210725158452988,0.020516253454845125,0.1766144335269928,,0.14760006964206696
326.0,0.24188023060560226,0.04509511539464022,0.2099931687116623,,0.27376729249954224
327.0,0.1752810180187226,0.10215178035118755,0.247513234615326,,0.10304880142211914
328.0,0.21597407758235931,0.1732242849496234,0.0934860110282898,,0.33846214413642883
329.0,0.3202033042907715,0.03519573737338632,0.2953161597251892,,0.34509044885635376
330.0,0.20870456099510193,0.0785544342195141,0.2642509341239929,,0.15315818786621094
331.0,0.19696343690156937,0.05767154532947272,0.15618349611759186,,0.2377433776855469
332.0,0.13644581039746603,0.031236111890254645,0.17016300559043884,0.13068035244941711,0.10849407315254213
333.0,0.1624915450811386,0.02648207022555171,0.16894753277301788,0.13337841629981995,0.185148686170578
334.0,0.16967982798814774,0.049947503137123705,0.1343616098165512,,0.20499804615974426
335.0,0.11166019241015117,0.0376250611768648,0.06919276714324951,0.12495453655719756,0.1408332735300064
336.0,0.15311032533645627,0.040021744621918515,0.12050966918468475,0.19777679443359367,0.1410445123910904
337.0,0.15659157931804657,0.06260048228556411,0.11232635378837584,,0.20085680484771729
338.0,0.090935617685318,0.09030665761881636,0.016354888677597046,0.06511038541793822,0.1913415789604187
339.0,0.19576370219389597,0.02449032724890509,0.1701146364212036,0.2189018279314041,0.1982746422290802
340.0,0.19439041117827094,0.08123020268322204,0.2413306385278701,0.10059386491775513,0.2412467300891876
341.0,0.2004248946905136,0.08825764202202356,0.12819448113441467,0.17427866160869598,0.2988015413284302
342.0,0.20798897743225098,0.07337579328364191,0.16963009536266327,0.16174323856830594,0.2925935983657837
343.0,0.2070305993159612,0.0906656409957737,0.19396209716796875,0.12360836565494535,0.3035213351249695
344.0,0.21559763451417288,0.07696181050241131,0.13427889347076416,0.2252156287431717,0.2872983813285828
345.0,0.23210498690605164,0.06656229994694464,0.23751045763492584,0.1630047708749771,0.29579973220825195
346.0,0.22187857826550803,0.08443234369743775,0.12483018636703493,0.27846676111221313,0.262338787317276
347.0,0.21332517762978873,0.07985433996951871,0.17326602339744568,0.16143004596233368,0.3052794635295868
348.0,0.2603536893924077,0.03969220378165396,0.21609731018543246,0.2928017973899841,0.27216196060180664
349.0,0.2418574641148249,0.043765375948063935,0.2596180438995361,0.19200365245342246,0.2739506959915161
350.0,0.2250803659359614,0.09676931106980709,0.32211175560951233,0.12857528030872345,0.22455406188964844
351.0,0.20820572972297668,0.07652454176208454,0.12416209280490875,0.22659482061862946,0.27386027574539185
352.0,0.22684030731519064,0.07215803855353686,0.1569746434688568,0.22245553135871887,0.3010907471179962
353.0,0.2697943300008774,0.036299771636966925,0.2279002219438553,0.2895854413509369,0.29189732670784
354.0,0.23527542253335318,0.043630307095079576,0.26302993297576904,0.1849856823682785,0.257810652256012
355.0,0.21497287352879843,0.04550636714496567,0.23738157749176025,0.16260765492916107,0.24492938816547394
356.0,0.20013185342152914,0.07540924211272397,0.21639704704284668,0.11791729927062987,0.26608121395111084
357.0,0.19329173366228738,0.06318995514018327,0.2392577677965164,0.21938328444957733,0.12123414874076845
358.0,0.1381489038467407,0.057019396605597655,0.19871453940868372,0.1302282065153122,0.0855039656162262
359.0,0.2151132971048355,0.04695267275518282,0.21820276975631714,0.16669218242168427,0.2604449391365051
360.0,0.30060142278671265,0.07114948984502498,0.2626286745071411,0.2564941942691803,0.3826813995838165
361.0,0.24199391404787698,0.15052525182798837,0.2502670884132385,0.08750268816947937,0.3882119655609131
362.0,0.22805646558602652,0.09066898066752707,0.12774108350276947,0.2522626221179962,0.30416569113731384
363.0,0.2756119519472122,0.08160382824604062,0.33086323738098145,0.1818829327821732,0.3140896856784821
364.0,0.20629284779230753,0.13047754343590082,0.2542286813259125,0.058627694845199585,0.3060221672058105
365.0,0.24432320892810822,0.08622010358040211,0.28215739130973816,0.14565439522266388,0.3051578402519226
366.0,0.24640975892543793,0.01989027232688896,0.2550092935562134,0.22366659343242645,0.26055338978767395
367.0,0.18071705102920532,0.1517650582760617,0.2477995455265045,0.00697028636932373,0.2873813211917877
368.0,0.2408648580312729,0.038478989282325994,0.2764476239681244,0.20002932846546173,0.2461176216602325
369.0,0.2598787546157837,0.03968439068198593,0.2250383496284485,0.2515218257904053,0.3030760884284973
370.0,0.2137729823589325,0.11109678337006008,0.2631571590900421,0.08654603362083435,0.291615754365921
371.0,0.2671922544638316,0.01891638552417535,0.2845989763736725,0.24706155061721802,0.26991623640060425
372.0,0.11224937935670215,0.10622637174504526,0.013786673545837402,0.09813356399536133,0.22482790052890772
373.0,0.27235520879427594,0.03830740861028593,0.31167882680892944,0.2702347040176392,0.2351520955562592
374.0,0.24971873561541238,0.07015733625604842,0.3146389424800873,0.1752934455871582,0.2592238187789917
375.0,0.22628269096215567,0.07016473479215815,0.2680642902851105,0.14527688920497894,0.2655068933963776
376.0,0.1920803189277649,0.16627224504176277,0.3229163289070129,0.004974544048309326,0.2483500838279724
377.0,0.11354633172353108,0.15011282981933002,0.0512632429599762,0.0046004951000213614,0.2847752571105957
378.0,0.14129018783569336,0.11555302611951775,0.08291730284690857,0.06656822562217712,0.2743850350379944
379.0,0.17670991520086923,0.10492997160309485,0.11840157210826875,0.11388364434242247,0.2978445291519165
380.0,0.1928871969381968,0.10834298659462993,0.2279339134693145,0.07135903835296631,0.2793686389923096
381.0,0.21979870398839316,0.046190778360909665,0.1797650009393692,0.20929400622844696,0.2703371047973633
382.0,0.19374353686968485,0.10797845897994551,0.2626708447933197,0.06930145621299744,0.24925830960273745
383.0,0.19377549986044565,0.14130815057468946,0.2038429528474808,0.0477028489112854,0.3297806978225708
384.0,0.17854553957780203,0.21268960164438694,0.2376167327165604,-0.05743572115898132,0.355455607175827
385.0,0.27692527572313946,0.013174724303437918,0.27241834998130804,0.2665954530239105,0.29176202416419983
386.0,0.13445825378100076,0.06037378845236517,0.19925592839717865,0.07978969812393187,0.12432913482189176
387.0,0.2655748923619588,0.04834628744794267,0.3186737298965454,0.2241007089614868,0.25395023822784424
388.0,0.1996298829714457,0.06842227255977608,0.2555239200592041,0.12332482635974885,0.22004090249538424
389.0,0.24763962626457214,0.0575063970067569,0.28447145223617554,0.18137449026107788,0.277072936296463
390.0,0.25384042660395306,0.19025870629883054,0.44276121258735657,0.062271445989608765,0.2564886212348938
391.0,0.16655482351779938,0.08193555567657976,0.2268349528312683,0.07326284050941467,0.19956667721271515
392.0,0.20594616731007895,0.11820581607440774,0.12320785224437715,0.15330259501934052,0.3413280546665192
393.0,0.23111813267072043,0.11999368607383219,0.28442031145095825,0.09370765089988707,0.3152264356613159
394.0,0.1896491547425588,0.07208911531646685,0.2263295799493789,0.10659611225128174,0.2360217720270157
395.0,0.23382961750030518,0.082590365547541,0.19427615404129028,0.1784544289112091,0.3287582695484161
396.0,0.18017138540744781,0.1018329035229217,0.14266006648540494,0.10241478681564332,0.2954393029212952
397.0,0.16063963373502096,0.10400598525237544,0.05846613645553589,0.1570667326450348,0.2663860321044922
398.0,0.18083670735359192,0.05839315468640736,0.17401650547981262,0.1261531412601471,0.24234047532081604
399.0,0.1523642142613729,0.14357125399276555,0.26994138956069946,-0.007639050483703612,0.1947903037071228
400.0,0.1866626342137655,0.10475492958107209,0.2661699056625366,0.06796255707740784,0.225855439901352
401.0,0.17436307668685913,0.10982787105602279,0.20705953240394592,0.051899969577789314,0.26412972807884216
402.0,0.18950457374254862,0.0629259235282127,0.1766299307346344,0.1340116560459137,0.2578721344470978
403.0,0.20877859989802042,0.18153798577108995,0.2451450824737549,0.011810153722763063,0.3693805634975433
404.0,0.24436488250891367,0.08982897140301525,0.2818067371845245,0.14187149703502655,0.30941641330718994
405.0,0.2078932821750641,0.22762922194267154,0.35966187715530396,-0.05383983254432678,0.3178578019142151
406.0,0.18507011234760284,0.14670770750302822,0.22416524589061732,0.022775113582611084,0.3082699775695801
407.0,0.1649356186389923,0.15956345081867296,0.2657981514930725,-0.01902675628662109,0.2480354607105255
408.0,0.160476083556811,0.09447819247016456,0.2309791147708893,0.05312657356262207,0.1973225623369217
409.0,0.20812231798966727,0.11317053805351471,0.24320702254772186,0.0815645158290863,0.2995954155921936
410.0,0.18232014775276187,0.21982853602548122,0.2565376162528992,-0.06501087546348573,0.3554337024688721
411.0,0.1664026379585266,0.11832687685572972,0.23041537404060364,0.02985906600952148,0.2389334738254547
412.0,0.21001105507214865,0.20562763082693652,0.2626439929008484,-0.01681739091873169,0.3842065632343292
413.0,0.21544732650121054,0.16282269345283673,0.28970324993133545,0.028734028339385983,0.32790470123291016
414.0,0.13776542246341705,0.16362744754369285,,0.02206334471702576,0.25346750020980835
415.0,0.20060755809148154,0.1948507402874001,0.2780245542526245,-0.02105385065078736,0.3448519706726074
416.0,0.1830026110013326,0.21747329597571202,0.3813167214393616,-0.04956459999084474,0.21725571155548096
417.0,0.16550667583942413,0.19511185987775537,,0.027541756629943848,0.3034715950489044
418.0,0.15970698992411297,0.24135241570504157,0.3378973603248596,-0.11496064066886902,0.2561842501163483
419.0,0.21930932998657227,0.10320825905966982,0.28446894884109497,0.1003141701221466,0.2731448709964752
420.0,0.10899759829044342,0.23088083653773836,,-0.054259806871414185,0.272255003452301
421.0,0.2053276151418686,0.1864288082943895,,0.0735025405883789,0.3371526896953583
422.0,0.2560158421595891,0.08393607035276172,0.2372809201478958,0.18303030729293826,0.3477362990379333
423.0,0.29423104226589203,0.09033582829588102,0.2468588501214981,0.23743441700935364,0.3983998596668243
424.0,0.29442504048347473,0.06416183336207441,0.24905577301979065,,0.3397943079471588
425.0,0.3309590145945549,0.1294777001199378,0.23940445482730865,,0.4225135743618012
426.0,0.21683049201965332,0.2083435579272765,0.2637555003166199,-0.010973811149597168,0.3977097868919373
427.0,0.12657663971185684,0.10454935651229033,,0.052649080753326416,0.20050419867038727
428.0,0.10094562172889711,0.18062263737010448,,-0.02677386999130249,0.2286651134490967
429.0,0.1011391431093216,0.24690013716030448,,-0.07344561815261841,0.2757239043712616
430.0,0.1767651935418447,0.1905587088587548,0.2624323964118957,-0.0415918231010437,0.309455007314682
431.0,0.15980476140975952,0.23321073563304487,0.25831088423728943,-0.10649588704109192,0.32759928703308105
432.0,0.1738988012075424,0.2502606318326236,,-0.003062188625335693,0.3508597910404205
433.0,0.1646911104520162,0.1908654906333087,0.2725238800048828,-0.05568459630012512,0.2772340476512909
434.0,0.17108028133710226,0.25018419368925104,0.2561968266963959,-0.1105564534664154,0.3676004707813263
435.0,0.13755582769711813,0.1925650208852643,0.20265576243400574,-0.07912123203277588,0.2891329526901245
436.0,0.11201436817646027,0.21727423225817835,,-0.04162171483039856,0.2656504511833191
437.0,0.1444746106863022,0.16950524703702216,,0.0246163010597229,0.2643329203128815
438.0,0.15315828224023184,0.15493359142793095,0.26035410165786743,-0.02448078989982605,0.2236015349626541
439.0,0.22194709380467734,0.13154065674468893,0.2896236181259155,0.07034695148468018,0.3058707118034363
440.0,0.1195601870616277,0.11644977458669725,0.16493943333625793,-0.012747377157211305,0.2064885050058365
441.0,0.12229555348555247,0.17168315418228644,0.2842373251914978,-0.057701855897903435,0.14035119116306305
442.0,0.15094544986883798,0.15630727487720156,0.24445098638534546,-0.02950286865234375,0.2378882318735123
443.0,0.06800285975138348,0.14961946093830164,0.11561661958694458,-0.09962919354438783,0.18802115321159368
444.0,0.19361566007137299,0.18270047445227913,0.1959432810544968,0.009762495756149292,0.3751412034034729
445.0,0.12686461210250854,0.25454093758955115,0.11152157187461853,-0.11965775489807128,0.3887300193309784
446.0,0.08610918621222179,0.16422629947813572,0.1402941793203354,-0.09836268424987793,0.21639606356620789
447.0,0.14255334436893463,0.20367611398940386,0.14489345252513885,-0.0622827410697937,0.34504932165145874
448.0,0.20084463556607565,0.1846021930673097,0.2573719024658203,-0.005411893129348755,0.35057389736175537
449.0,0.10843042532602946,0.18627376818914287,0.1637575328350067,-0.09923896193504332,0.260772705078125
450.0,0.13982099294662476,0.10606110300922972,0.13139434158802032,0.038224577903747566,0.2498440593481064
451.0,0.10112579663594563,0.17214105284638498,0.0642576515674591,-0.04959419369697572,0.2887139320373535
452.0,0.11539130409558614,0.17832148826571143,0.13236892223358154,-0.07081180810928345,0.2846167981624603
453.0,0.13387874762217203,0.1580062425464838,0.20227470993995667,-0.04680290818214417,0.2461644411087036
454.0,0.10967275997002919,0.18826725010263576,0.17233891785144806,-0.10193586349487303,0.2586152255535126
455.0,0.15206778049468994,0.1361131797487523,0.16426831483840942,0.010265052318572998,0.2816699743270874
456.0,0.1431314001480738,0.21995806249299565,0.19922517240047447,-0.09944209456443788,0.3296111226081848
457.0,0.13035215437412262,0.16231951847814613,0.12055794894695282,-0.026848495006561283,0.2973470091819763
458.0,0.11987883349259694,0.14578662944389564,0.1209554523229599,-0.026443123817443848,0.2651241719722748
459.0,0.15295268595218658,0.1898103581482651,0.16117216646671295,-0.04083389043807984,0.33851978182792664
460.0,0.1898227483034134,0.12686907261233685,0.2028598040342331,0.0569385290145874,0.3096699118614197
461.0,0.1595854858557383,0.11070063077740759,0.07635176181793213,0.117186039686203,0.28521865606307983
462.0,0.1368493139743805,0.1825796947995027,0.22175514698028564,-0.07272210717201233,0.26151490211486816
463.0,0.16097130378087363,0.1929254025953327,0.2627142071723938,-0.06152909994125366,0.2817288041114807
464.0,0.18318897485733032,0.13428012496501399,0.25508490204811096,0.028268814086914062,0.26621320843696594
465.0,0.143105020125707,0.14750222570378568,0.25691303610801697,-0.0235382616519928,0.1959402859210968
466.0,0.10750591754913329,0.1467055515789023,0.03256887197494507,0.013403743505477905,0.2765451371669769
467.0,0.13684362669785818,0.1451042924663958,0.17032991349697113,-0.02207636833190918,0.2622773349285126
468.0,0.2031247913837433,0.050680618904304725,0.2450903356075287,0.14681929349899292,0.21746474504470825
469.0,0.19940954943497977,0.09251532504776437,0.09960633516311647,0.21631760895252228,0.2823047041893005
470.0,0.20028274754683176,0.06006092827237021,0.2390440255403519,0.13109761476516724,0.2307066023349762
471.0,0.20696080227692926,0.026573996716838324,0.1945405304431916,0.18887114524841309,0.23747073113918304
472.0,0.1736812392870585,0.14072353424037642,0.20912936329841614,0.01862296462059021,0.2932913899421692
473.0,0.20042840143044785,0.03486700188084032,0.2384455054998397,0.16994236409664154,0.1928973346948624
474.0,0.20035460591316223,0.16051755418922092,0.2188970446586609,0.031371086835861206,0.3507956862449646
475.0,0.19868208964665732,0.19618268659359614,0.3489250540733337,-0.023265600204467773,0.270386815071106
476.0,0.12433909873167677,0.17676511981852414,0.19641120731830605,-0.07707566022872925,0.2536817491054535
477.0,0.1603139340877533,0.13618271528650583,0.20573970675468445,0.00722426176071167,0.26797783374786377
478.0,0.17806449035803476,0.2291745471552588,0.2227673977613449,-0.07016792893409729,0.3815940022468567
479.0,0.14867440859476724,0.2123632846500635,0.19999048113822931,-0.08464479446411133,0.3306775391101837
480.0,0.17365087072054544,0.19487598503653727,0.2394533157348633,-0.04560801386833191,0.327107310295105
481.0,0.17779355744520822,0.14991021831135506,0.2924412190914154,0.008153170347213745,0.23278628289699554
482.0,0.09536565840244293,0.22940375808482558,,-0.0668472945690155,0.25757861137390137
483.0,0.17306843400001526,0.2001633071857558,,0.03153160214424133,0.3146052658557892
484.0,0.14942443370819092,0.1389705248371027,0.2583225965499878,-0.007096678018569945,0.1970473825931549
485.0,0.13663980364799502,0.12730035730692058,0.2522818744182587,0.0002340078353881836,0.15740352869033813
486.0,0.1506709804137548,0.1337441064167531,0.26529747247695923,0.00373038649559021,0.1829850822687149
487.0,0.13561329245567322,0.13652455593694549,0.1116563081741333,0.01265290379524231,0.28253066539764404
488.0,0.18215959270795187,0.13651807558339807,0.2562001347541809,0.024616777896881104,0.2656618654727936
489.0,0.19861635565757751,0.16481934932678746,0.3246578574180603,0.012102395296096802,0.25908881425857544
490.0,0.21318240960439047,0.19568382117211341,0.3668621778488159,-0.007111489772796631,0.2797965407371521
491.0,0.18726295232772827,0.19620414273314501,0.3088154494762421,-0.03908747434616089,0.29206088185310364
492.0,0.19894550244013467,0.14563917955331543,0.2830840647220612,0.030775874853134155,0.28297656774520874
493.0,0.20763341585795084,0.1374933042254601,0.30745527148246765,0.050806134939193726,0.2646388411521912
494.0,0.20461603999137878,0.16645068952193223,0.3426746129989624,0.01978215575218201,0.25139135122299194
495.0,0.2838558554649353,0.14892873213945557,0.3533350527286529,0.11288392543792725,0.3853485882282257
496.0,0.24530720710754395,0.15154095609254944,0.3726737797260285,0.0777105987071991,0.2855372428894043
497.0,0.20739339788754782,0.1584957974802924,0.2770591974258423,0.02599677443504333,0.3191242218017578
498.0,0.22073653837045035,0.08131918195685352,0.2899535298347473,0.13117747008800507,0.24107861518859866
499.0,0.11409169435501099,0.10238648137373389,0.17640075087547302,-0.004075348377227783,0.16994968056678772
500.0,0.14709241688251495,0.104024808553345,0.0272153913974762,0.21361005306243894,0.2004518061876297
501.0,0.09473258256912231,0.08018587647426638,0.11521947383880615,0.006290733814239502,0.1626875400543213
502.0,0.19823354482650757,0.1224206139809246,0.12474572658538816,0.1303999125957489,0.3395549952983856
503.0,0.15349442760149637,0.13497656532626714,0.08597171306610107,0.06560388207435608,0.308907687664032
504.0,0.19386502106984457,0.13337650944314197,0.2365508675575257,0.04437088966369629,0.30067330598831177
505.0,0.2167650560537974,0.1205330909867446,0.2609103322029114,0.08038309216499329,0.30900174379348755
506.0,0.16951056321461996,0.10141658273654156,0.1832113265991211,0.06194007396697996,0.2633802890777588
507.0,0.24524253606796265,0.18220504079744598,,0.11640411615371705,0.37408095598220825
508.0,0.40079212188720703,,,,0.40079212188720703
509.0,0.2272147238254547,0.08334245578659433,0.29359227418899536,0.1336812674999237,0.2543706297874451
510.0,0.20488880077997842,0.025913364559409662,0.18506748974323275,0.2342118024826049,0.1953871101140976
511.0,0.19783074657122293,0.14214613526718559,0.29035738110542303,0.03415942192077637,0.2689754366874695
512.0,0.24878305196762085,0.016135794511850227,0.2373733222484589,,0.26019278168678284
513.0,0.14573829372723898,0.16953523165359824,0.3323015570640564,0.0010970830917358398,0.10381624102592467
514.0,0.20770412683486938,0.12016282511248727,0.26966044306755066,0.06920775771141052,0.284244179725647
515.0,0.25128646691640216,0.15878513644228273,0.4076117277145386,0.09015077352523804,0.25609689950942993
516.0,0.20192261536916098,0.2913799027963775,0.4320797324180603,-0.12569540739059448,0.2993835210800171
517.0,0.21306109428405762,0.1987653617366212,0.31756389141082764,-0.016156524419784546,0.33777591586112976
518.0,0.2125929594039917,0.10487035221902537,0.2441398501396179,0.0955703854560852,0.298068642616272
519.0,0.20295230050881705,0.06432855913663162,0.21086175739765167,0.1350347399711609,0.2629604041576385
520.0,0.19313733776410422,0.09323744516067888,0.2596985101699829,0.0865735411643982,0.2331399619579315
521.0,0.19650715589523315,0.11655683733678979,0.2552672624588013,0.062265604734420776,0.2719886004924774
522.0,0.22041612863540652,0.05166638859665566,0.25694978237152105,,0.183882474899292
523.0,0.1967937151590983,0.0419944983348987,0.24452583491802216,0.18032842874526972,0.16552688181400302
524.0,0.11873905857404073,0.1432493090083018,0.05620872974395752,0.017385095357894897,0.2826233506202698
525.0,0.07644445697466533,0.09712083632328883,0.1115618348121643,-0.033350527286529534,0.1511220633983612
526.0,0.1485950897137324,0.1834933357929802,0.2909637689590454,-0.05848690867424011,0.2133084088563919
527.0,0.2750612397988637,0.19519577739983512,0.2595413625240326,0.08808869123458862,0.47755366563796997
528.0,0.23715931673844656,0.07277392693479555,0.23319631814956665,0.16644786298274994,0.3118337690830231
529.0,0.18815424044926962,0.06883242804257467,0.2296750247478485,0.10870039463043213,0.2260873019695282
530.0,0.16561310489972433,0.10968805945021114,0.17692798376083374,0.0507061779499054,0.26920515298843384
531.0,0.2594027022520701,0.00829880583760773,0.268782377243042,0.2564118206501007,0.2530139088630676
532.0,0.21952530244986213,0.0824908203694538,0.19662584364414207,0.15090352296829224,0.3110465407371521
533.0,0.08394062022368114,0.10868197330133497,0.07592993974685669,-0.02051436901092529,0.196406289935112
534.0,0.1839156448841095,0.13515544882682978,0.18542221188545227,0.04801321029663086,0.31831151247024536
535.0,0.2103556046883265,0.19138990376907294,0.1593867987394333,0.04960969090461731,0.42207032442092896
536.0,0.1886715441942215,0.10816643243995311,0.2539513409137726,0.06381511688232422,0.2482481747865677
537.0,0.18507576982180277,0.17822425217923143,0.2987518012523651,-0.020329415798187256,0.2768049240112305
538.0,0.07341304421424866,0.16246851049977942,-0.055817723274230964,0.02025502920150757,0.25580182671546936
539.0,0.19532990952332815,0.14992630973348753,0.3193107545375824,0.028699815273284912,0.23797915875911715
540.0,0.14476603269577026,0.17217346721616328,0.17567765712738034,-0.040769338607788086,0.2993897795677185
541.0,0.18400386969248453,0.167860980259669,0.2850861251354217,-0.009764671325683594,0.27669015526771545
542.0,0.2499301532904307,0.18929402758239064,0.28359782695770264,0.04606130719184876,0.4201313257217407
543.0,0.16820194820562998,0.129540926222444,0.23651741445064545,0.018802732229232788,0.2492856979370117
544.0,0.195604607462883,0.15235205416056494,0.237810418009758,0.026599198579788208,0.3224042057991028
545.0,0.17907957235972086,0.15979287789985858,0.2505480647087097,-0.003973901271820068,0.2906645536422729
546.0,0.17347807685534158,0.12787559656159236,0.2457079291343689,0.02583152055740356,0.2488947808742523
547.0,0.1493153472741445,0.10421715990389455,0.24917304515838626,0.0412268340587616,0.15754616260528564
548.0,0.14418970048427582,0.09402525736440552,0.16217505931854248,0.04247084259986877,0.2279231995344162
549.0,0.17932021121184027,0.13900230851285986,0.2262298613786697,0.022932112216949463,0.2887986600399017
550.0,0.12246542175610864,0.0948128563331708,0.2038537114858628,0.018356472253799442,0.14518608152866366
551.0,0.08580601712067921,0.0731966051807861,0.08560049533843994,0.01271238923072815,0.15910516679286954
552.0,0.12544415394465128,0.09473195177126724,0.17301605641841888,0.01635387539863586,0.1869625300168991
553.0,0.19187431037425995,0.09249463153946115,0.2741217315196991,0.09174400568008424,0.20975719392299647
554.0,0.17700607081254324,0.11924577750279383,0.2736317813396454,0.04373934864997864,0.21364708244800568
555.0,0.23331218957901,0.14864085224593884,0.28758493065834045,0.06516179442405699,0.34718984365463257
556.0,0.18032666047414145,0.08763560314783132,0.28150224685668945,0.13135889172554016,0.1281188428401947
557.0,0.13335218528906503,0.22048121702352327,0.19070570170879364,-0.11013820767402648,0.319489061832428
558.0,0.1684344212214152,0.20780250496983907,0.19233089685440066,-0.05028325319290161,0.3632556200027466
559.0,0.17541895806789398,0.14028693603983025,0.20737336575984955,0.02191135287284851,0.2969721555709839
560.0,0.16014312704404193,0.16288722162893454,0.2866905629634857,-0.023636013269424442,0.21737483143806452
561.0,0.08863757054011027,0.13948650618992284,0.05624637007713318,-0.03180354833602905,0.2414698898792267
562.0,0.16704438626766208,0.1830493963822376,0.2475335747003556,-0.042457997798919685,0.2960575819015503
563.0,0.12998351454734802,0.12550621816807642,0.2684892416000366,0.02379918098449707,0.09766212105751038
564.0,0.19491532444953918,0.13092713724058017,0.25187844038009644,0.04515591263771057,0.2877116203308105
565.0,0.17588681479295096,0.17283568017176154,0.35442331433296204,0.009380549192428587,0.16385658085346222
566.0,0.1395497272411982,0.11518028529505926,0.1986758112907409,0.006814122200012207,0.2131592482328415
567.0,0.14816761016845703,0.14360184457835168,0.27264171838760376,-0.008943766355514526,0.18080487847328186
568.0,0.16472216447194418,0.10574963061071263,0.2544988989830017,0.0481533408164978,0.191514253616333
569.0,0.12036966284116109,0.1725989016686016,0.27230918407440186,-0.06729686260223389,0.1560966670513153
570.0,0.16209637622038522,0.1640305142685003,0.27426236867904663,-0.026161134243011475,0.2381878942251205
571.0,0.1927407036225001,0.07059917719659915,0.2154683619737625,0.11357691884040833,0.2491768300533295
572.0,0.19454329709211984,0.04826047078703821,0.2463992238044739,0.15094345808029175,0.186287209391594
573.0,0.1897627611955007,0.11404888482496066,0.17935290932655334,0.08127567172050476,0.30865970253944397
574.0,0.19191553692022958,0.06431954809589391,0.25540149211883545,0.12679360806941986,0.19355151057243347
575.0,0.23877498507499695,0.06152851594495648,0.2035761177539825,0.202927827835083,0.3098210096359253
576.0,0.32906124989191693,0.029010049533964008,0.3112172484397888,0.36253476142883295,0.3134317398071289
577.0,0.16774768133958182,0.12378028819785546,0.13491253554821014,0.06369554996490479,0.3046349585056305
578.0,0.2912692427635193,,,,0.2912692427635193
579.0,0.2905048429965973,0.06406581328297634,0.2284412086009979,0.3564007878303528,0.2866725325584412
580.0,0.3533862307667732,0.17459663902069875,0.22992776334285736,,0.4768446981906891
581.0,0.260179082552592,0.02725617060860768,0.2760939598083496,0.2287070453166961,0.2757362425327301
582.0,0.19557543595631918,0.06418816908639548,0.2554004788398743,0.12777037918567655,0.20355544984340668
583.0,0.20801332096258798,0.10267738814113256,0.24227799475193024,0.092585027217865,0.28917694091796875
584.0,0.13432620962460837,0.21013128141278917,0.27523326873779297,-0.107194721698761,0.2349400818347931
585.0,0.16284059484799698,0.02859088227102213,0.19578491151332847,0.1482238471508026,0.14451302587985992
586.0,0.16496001680692038,0.1902761235181999,0.21661433577537534,-0.045810043811798096,0.32407575845718384
587.0,0.13765944043795267,0.10313955324992638,0.2462639212608337,0.041030287742614746,0.12568411231040955
588.0,0.1822730948527654,0.13106625856932932,0.2883836627006531,0.035763144493103034,0.2226724773645401
589.0,0.16027644276618958,0.1551267424569152,0.2972780466079712,-0.00816047191619873,0.19171175360679624
590.0,0.15511181950569153,0.1133308509743241,0.1363583505153656,0.05232745409011842,0.2766496539115906
591.0,0.16618943711121875,0.23100263143242758,0.3524670302867889,-0.09229055047035216,0.23839183151721954
592.0,0.14683809876441956,0.18290693286049153,0.29567384719848633,-0.05735221505165099,0.2021926641464233
593.0,0.13966489831606546,0.15504903913999252,0.27868932485580444,-0.027542561292648315,0.16784793138504028
594.0,0.11239776015281677,0.19860383164400422,0.2528318762779236,-0.02803635597229004,
595.0,0.15440160036087036,0.15707708971525097,0.265471875667572,0.0433313250541687,
596.0,0.14791005849838257,0.153498569395585,0.25644993782043457,0.039370179176330566,
597.0,0.28139667709668476,0.24441888105499238,0.2696453928947449,0.043065398931503296,0.5314792394638062
598.0,0.18372192978858948,0.17172289561097365,0.22686415910720825,-0.0054582953453063965,0.3297599256038666
599.0,0.11551201343536376,0.14724620089066648,0.030901819467544563,0.030097573995590213,0.2855366468429565
600.0,0.10155264536539714,0.09510321588387242,0.061824917793273926,0.03275477886199951,0.210078239440918
601.0,0.09330244362354279,0.25019012015506487,,-0.08360868692398071,0.2702135741710663
602.0,0.10360591610272722,0.17001541517721444,0.21043625473976127,-0.09244760870933533,0.19282910227775574
603.0,0.11043996115525563,0.1920877270741407,0.1993279606103897,-0.10999235510826112,0.2419842779636383
604.0,0.15629753470420837,0.12522328010957576,0.2352508902549744,0.011913061141967772,0.22172865271568296
605.0,0.15899563332398733,0.06264102210941162,0.1304146945476532,0.11574268341064453,0.23082952201366425
606.0,0.18633651733398438,0.10637197262677349,0.2283685803413391,0.06537061929702759,0.2652703523635864
607.0,0.22320726017157236,0.10016577027416011,0.24609483778476715,0.1135784387588501,0.30994850397109985
608.0,0.22155287861824036,0.11834066777832564,0.2508097290992737,0.0913279950618744,0.322520911693573
609.0,0.1932340463002523,0.15256942764859963,0.2538222670555115,0.01967713236808777,0.3062027394771576
610.0,0.19859767953554788,0.14240915489046402,0.2783730626106262,0.03418174386024475,0.2832382321357727
611.0,0.19012099504470825,0.13381799672208175,0.19349470734596247,0.054648041725158684,0.32222023606300354
612.0,0.15537303189436594,0.150056107921538,0.13180957734584808,0.0184926986694336,0.31581681966781616
613.0,0.1573535899321238,0.24604023252879365,0.2535560131072998,-0.12225273251533507,0.34075748920440674
614.0,0.2141745686531067,0.149012688973075,0.27709275484085083,0.04402244091033936,0.3214085102081299
615.0,0.19868423541386923,0.16514992521842903,0.2564947307109833,0.01240059733390808,0.3271573781967163
616.0,0.2899654706319173,0.17114989056747917,0.4283846914768219,0.09859868884086607,0.34291303157806396
617.0,0.25439906120300293,0.13608201038506515,0.327553391456604,0.09738665819168092,0.3382571339607239
618.0,0.21290879448254904,0.11381232037263544,0.2049967646598816,0.10325893759727478,0.3304706811904907
619.0,0.2479490488767624,0.10288453087357659,0.2813098132610321,0.13252393901348114,0.3300133943557739
620.0,0.17484170198440552,0.10832359626818634,0.2792982757091522,0.06302633881568909,0.18220049142837524
621.0,0.21105056007703146,0.14959408099391208,0.2702981233596802,0.04090744256973266,0.3219461143016815
622.0,0.15725141266981757,0.11436038380568171,0.24044281244277954,0.02684304118156433,0.20446838438510886
623.0,0.14324180285135904,0.1017202167021443,0.2522564232349396,0.05086812376976013,0.12660086154937744
624.0,0.14146764576435092,0.1940763393437983,0.20553143322467804,-0.07654139399528502,0.2954128980636597
625.0,0.17844025293986,0.1612875919808503,0.2448735833168029,-0.00545370578765869,0.2959008812904358
626.0,0.17685863375663757,0.130175684518201,0.21612346172332764,0.03157028555870056,0.2828821539878845
627.0,0.1541812320550283,0.19074476895095888,0.2591679692268372,-0.06599310040473938,0.26936882734298706
628.0,0.1501716822385788,0.21430009284080226,0.2319750636816025,-0.09298154711723328,0.3115215301513672
629.0,0.17361384133497873,0.09246695634367309,0.26986002922058105,0.08545774221420288,0.16552375257015228
630.0,0.20896159609158838,0.27473257003656865,0.2486350238323212,-0.0834507942199707,0.4617005586624146
631.0,0.2983691692352295,0.29121360230024784,0.2622131109237671,0.026921868324279785,0.6059725284576416
632.0,0.24715623756249747,0.18353550453106676,0.2384711354970932,0.06811746954917908,0.4348801076412201
633.0,0.2158141831556956,0.14174304589769424,0.24913766980171204,0.060378342866897576,0.3379265367984772
634.0,0.1816080609957377,0.26135867130730295,0.2541732788085937,-0.10836544632911682,0.3990163505077362
635.0,0.10667484005292255,0.22197438540630898,0.0199962854385376,-0.05888238549232482,0.3589106202125549
636.0,0.24238373339176178,0.21549303485874757,0.2324095219373703,0.03205099701881409,0.462690681219101
637.0,0.2543652057647705,0.2859938047447966,,0.052137047052383416,0.4565933644771576
638.0,0.2539246032635371,0.2548525548049334,0.2490991801023484,0.00151902437210083,0.5111556053161621
639.0,0.2430102378129959,0.35354995562512015,,-0.006987333297729492,0.4930078089237213
640.0,0.13655608892440796,0.32341308340507213,,-0.09213149547576904,0.36524367332458496
641.0,0.19893963634967804,,,,0.19893963634967804
642.0,0.2590058743953705,0.004692250791566304,0.262323796749115,,0.25568795204162603
643.0,0.21608615418275198,0.03678183304282106,0.2376977652311325,0.17361637949943542,0.236944317817688
644.0,0.23320452868938446,0.04390732459015205,0.280431866645813,0.2255607396364212,0.1936209797859192
645.0,0.3029109388589859,0.09202312662624945,0.2849297821521759,0.4025975167751312,0.22120551764965052
646.0,0.2611842105786006,0.14969251488174473,0.4181886315345764,0.1200716346502304,0.2452923655509949
647.0,0.24014808734258017,0.12663401052960477,0.3381258249282837,0.0971568524837494,0.2851615846157074
648.0,0.2552497188250224,0.031215597860159608,0.2912112772464752,0.2393874973058701,0.23515038192272186
649.0,0.2774244695901871,0.11021228462494195,0.3123244941234589,0.15398748219013214,0.3659614324569702
650.0,0.21171977619330087,0.017486699168279808,0.2254956960678101,0.19204695522785187,0.21761667728424072
651.0,0.2271395723025004,0.1355198054919127,0.2767825126647949,0.07379844784736632,0.33083775639534
652.0,0.1547780235608419,0.13776593610633703,0.08948758244514465,0.06179553270339967,0.3130509555339813
653.0,0.23068959514300028,0.05115720362260489,0.2445428818464279,0.2734934687614441,0.17403243482112885
654.0,0.1711993416150411,0.027031113390262974,0.1996900588274002,0.16799437999725342,0.14591358602046967
655.0,0.22816097239653269,0.07458164092432745,0.3111173510551453,0.1666552871465683,0.20671027898788447
656.0,0.21301287909348807,0.055782941122426,0.15986089408397675,0.2710989713668823,0.2080787718296051
657.0,0.16485009590784708,0.09161627777620454,0.22780659794807434,0.05974507331848145,0.20699861645698547
658.0,0.20748584469159445,0.1378091320966148,0.20719635486602786,0.06982168555259705,0.34543949365615845
659.0,0.2751155346632004,0.08174600916548769,0.2705790102481842,0.1957322508096695,0.35903534293174744
660.0,0.1712874968846639,0.06573510385022366,0.2010597288608551,0.09593391418457033,0.21686884760856628
661.0,0.21518373489379883,0.07253425728738172,0.2253795266151428,0.13809102773666382,0.28208065032958984
662.0,0.2609599729379018,0.009314150092141486,0.2686092257499695,0.2505878210067749,0.26368287205696106
663.0,0.26797474920749664,0.04512438616718098,0.25884926319122314,0.22811053693294525,0.31696444749832153
664.0,0.2723759214083354,0.020224925780006335,0.28034070134162903,0.2493811845779419,0.2874058783054352
665.0,0.22190793852011362,0.04868846397469936,0.1677984595298767,0.2357456535100937,0.2621797025203705
666.0,0.26200296978155774,0.03640775585766862,0.2402477860450745,0.24172677099704745,0.3040343523025513
667.0,0.1974100669225057,0.15382245276558726,0.2857261598110199,0.019792109727859497,0.2867119312286377
668.0,0.1788374533255895,0.11265962965414195,0.14506633579730988,0.08692583441734314,0.3045201897621155
669.0,0.16806276142597198,0.11670919279375223,0.14435873925685885,0.06502515077590942,0.2948043942451477
670.0,0.1755500336488088,0.15358305598972324,0.13722378015518188,0.04475957155227661,0.3446667492389679
671.0,0.19241962830225626,0.12000385488980174,0.2661052942276001,0.05394637584686279,0.2572072148323059
672.0,0.16031266748905185,0.13972771194829267,0.1660284847021103,0.0178147554397583,0.2970947623252869
673.0,0.18286127348740897,0.1078904489721268,0.2261329442262649,0.06005221605300904,0.2623986601829529
674.0,0.16153467198212942,0.09721928817512594,0.18055258691310885,0.0562116801738739,0.2478397488594055
675.0,0.21874337395032248,0.08786988040424548,0.2062771767377853,0.137772336602211,0.3121806085109711
676.0,0.221591184536616,0.06733112463493683,0.1678832620382309,0.1997617334127426,0.2971285581588745
677.0,0.18424936135609946,0.15308745719446887,0.2422873079776764,0.010629326105117798,0.2998314499855041
678.0,0.20068094631036124,0.09079578373072097,0.1293528974056244,0.16980095207691193,0.30288898944854736
679.0,0.16837509969870249,0.15693230284865664,0.23056744039058685,-0.010121315717697144,0.2846791744232178
680.0,0.18464032312234244,0.09601787037706194,0.1250981092453003,0.13341467082500458,0.2954081892967224
681.0,0.16334239145119986,0.12738954650844198,0.1524202972650528,0.041765540838241584,0.2958413362503052
682.0,0.11163277179002762,0.16966303430113477,0.23160265386104584,-0.0083371102809906,
683.0,0.13159288465976715,0.11308608477433851,0.2115568220615387,0.051628947257995605,
684.0,0.03465202450752258,0.031048529626762862,0.05660665035247803,0.01269739866256714,
685.0,0.08495347201824188,0.0182756110841726,0.07203066349029541,0.09787628054618837,
686.0,0.08027449250221252,0.16952259046518436,0.20014506578445435,-0.0395960807800293,
687.0,0.1252685785293579,0.11518767415506148,0.2067185640335083,0.04381859302520752,
688.0,0.07893729954957962,0.1833648904583294,0.2085958570241928,-0.05072125792503357,
689.0,0.06425928324460983,0.15283896067967737,0.1723327487707138,-0.04381418228149414,
690.0,0.08111800998449326,0.17284522673082856,0.20333804190158844,-0.04110202193260193,
691.0,0.22354004780451456,0.22973385810268643,0.4204979836940765,-0.028832793235778805,0.278954952955246
692.0,0.10761200884977978,0.16485532887055263,0.16205884516239166,-0.0775795578956604,0.2383567392826081
693.0,0.10585046807924908,0.1517772313640802,0.08746886253356934,-0.035898834466934204,0.2659813761711121
694.0,0.0881618857383728,0.13349280122556706,0.0597580075263977,-0.028843045234680176,0.2335706949234009
695.0,0.1843719482421875,0.06995040339709212,0.10952043533325197,0.1955108791589737,0.24808453023433685
696.0,0.14263503750165304,0.17861721581306186,0.09097158908843994,-0.004455983638763428,0.3413895070552826
697.0,0.16580520073572794,0.1271610670868576,0.20673376321792605,0.023219764232635498,0.2674620747566223
698.0,0.13911466300487518,0.13028634045084508,0.1534881442785263,0.0022375881671905518,0.2616182565689087
699.0,0.18649183710416153,0.06970622698184514,0.11576968431472776,0.18857017159461967,0.2551356554031372
700.0,0.29113804300626117,0.1566685779420585,0.16116726398468018,0.4650993049144745,0.2471475601196289
701.0,0.24675920605659485,0.10461492647186117,0.17278528213500974,0.32073312997817993,
702.0,0.17523513734340668,0.05469171045619185,0.1365622580051422,0.21390801668167114,
703.0,0.18656368553638458,0.03622201313462659,0.16095085442066193,0.21217651665210724,
704.0,0.17033503949642181,0.09531355954741619,0.10293817520141604,0.2377319037914276,
705.0,0.2825252115726471,0.0013156138762675572,0.2815949320793152,0.283455491065979,
706.0,0.22122647861639658,0.04515206810936462,0.1897341758012772,0.20098811388015747,0.2729571461677551
707.0,0.20107118288675943,0.03883380502633547,0.15785448253154755,0.2330382019281388,0.21232086420059204
708.0,0.2413329134384791,0.08025479501524273,0.1735304445028305,0.22052627801895144,0.3299420177936554
709.0,0.22365903854370117,0.08850563768323351,0.12363472580909728,0.25551629066467285,0.2918260991573334
710.0,0.2119115193684896,0.054471115034669726,0.2320389896631241,0.1502409428358078,0.2534546256065369
711.0,0.1919527153174083,0.05466568928541097,0.14141154289245605,0.18447379767894745,0.2499728053808213
712.0,0.24834752082824707,0.08393050053308226,0.22516468167304995,0.17844510078430176,0.3414327800273895
713.0,0.21041852732499441,0.06746014290279594,0.16449254751205444,0.17889322340488434,0.28786981105804443
714.0,0.24252639710903168,0.13338741801383006,0.16277986764907834,0.16828317940235138,0.3965161442756653
715.0,0.21787328521410623,0.05905892990301477,0.16640864312648773,0.20485641062259674,0.28235480189323425
716.0,0.18757037818431854,0.1075636608051122,0.06452637910842897,0.2344270497560501,0.26375770568847656
717.0,0.2282566030820211,0.06255694435593363,0.1649804413318634,0.2297207415103913,0.2900686264038086
718.0,0.23400928576787314,0.11193469958284938,0.1050502359867096,0.3060087561607361,0.2909688651561737
719.0,0.20183540880680084,0.0928584347948306,0.09686070680618286,0.235403910279274,0.2732416093349457
720.0,0.28282369176546734,0.055835764610277845,0.2281731367111206,0.2805243134498596,0.3397736251354217
721.0,0.28795752425988513,0.09700058925900765,0.3225880265235901,0.17839445173740387,0.3628900945186615
722.0,0.2074385384718577,0.09608030632397606,0.11680465936660768,0.19734293222427368,0.3081680238246918
723.0,0.2089737206697464,0.04576516154353148,0.24024158716201785,0.2302341014146805,0.1564454734325409
724.0,0.18867913881937662,0.07988331531695983,0.2809204459190369,0.14256228506565094,0.14255468547344208
725.0,0.21877468128999075,0.10202171063085877,0.15693634748458862,0.16285811364650726,0.33652958273887634
726.0,0.27187221745649975,0.12139292219158151,0.2854205965995789,0.14427347481250766,0.3859225809574127
727.0,0.2559878677129746,0.0736777192424253,0.3108037114143372,0.17223437130451202,0.2849255204200745
728.0,0.07753112912178041,0.11022466509676701,0.006018459796905518,0.20446822047233584,0.022106707096099854
729.0,0.23758437732855478,0.08823876623999505,0.24824292957782745,0.1445004642009735,0.3200097382068634
730.0,0.14087637762228647,0.08917662495466393,0.2433234006166458,0.0806569755077362,0.09864875674247743
731.0,0.22873886922995249,0.0633233627126868,0.26010653376579285,0.1558545082807541,0.2702555656433105
732.0,0.20952618618806204,0.1309278042312852,0.3605879545211792,0.13922469317913055,0.12876591086387634
733.0,0.12148861587047577,0.03676665578450862,,0.14748656749725342,0.09549066424369812
734.0,0.2147554854551951,0.10820004296880786,0.16754010319709778,0.13818693161010742,0.3385394215583801
735.0,0.19067892928918204,0.10731849662047632,0.12232577800750732,0.13533933460712433,0.31437167525291443
736.0,0.20716332892576858,0.07308561181641528,0.254904568195343,0.12302590906620026,0.2435595095157624
737.0,0.1973961591720581,0.0762891675525991,,0.14345157146453855,0.25134074687957764
738.0,0.18739851812521616,0.11782152873546756,0.2735024392604828,0.053124308586120605,0.2355688065290451
739.0,0.27790575722853345,0.08818255910720399,0.24556899070739746,0.3776918053627014,0.2104564756155014
740.0,0.17734002073605856,0.13241417992003418,0.2476172149181366,0.024603158235549927,0.25979968905448914
741.0,0.2464954654375712,0.10479974732836596,0.2758951485157013,0.13013574481010434,0.333455502986908
742.0,0.13215776284535727,0.17319437126777038,-0.05899506807327271,0.17682507634162906,0.27864328026771545
743.0,0.22209658225377402,0.038482933394380164,0.2615029513835907,0.22017793357372284,0.18460886180400848
744.0,0.21278151869773865,0.031847633874529414,,0.1902618408203125,0.2353011965751648
745.0,0.23741780718167624,0.04998348774004812,0.2690227031707764,0.17979195713996887,0.26343876123428345
746.0,0.16243567566076914,0.044548062872692605,0.2018169611692429,0.11408555507659912,0.17140451073646545
747.0,0.22537905474503836,0.04380241075623163,0.2359555810689926,0.1772567629814148,0.26292482018470764
748.0,0.1692113777001699,0.02643811895484236,0.1470569372177124,0.16209904849529266,0.19847814738750452
749.0,0.22628051042556763,0.06426048932675597,0.1533932387828827,0.2506827712059021,0.2747655212879181
750.0,0.23735897739728293,0.029695612851117763,0.2509164810180664,0.2578561305999756,0.2033043205738068
751.0,0.19054657717545828,0.04811596798392184,0.2444842159748077,0.17511875927448273,0.15203675627708435
752.0,0.19750010470549265,0.04631185302002786,0.24270594120025635,0.15015628933906555,0.19963808357715607
753.0,0.2411977251370748,0.02049431686654887,0.2197938710451126,0.2606416940689087,0.24315761029720304
754.0,0.24644237756729126,0.03667744400994352,0.278812438249588,0.25390833616256714,0.20660635828971866
755.0,0.24928723772366843,0.05185277054315127,0.2592554986476898,0.19317400455474854,0.2954322099685669
756.0,0.23700020213921866,0.026661111276608727,0.22333888709545133,0.2677231431007385,0.21993857622146606
757.0,0.23126248518625894,0.034061734059244335,0.2052329033613205,0.2698124945163727,0.21874205768108368
758.0,0.21236558258533478,0.0728824630068077,0.2575768232345581,0.1282879263162613,0.2512319982051849
759.0,0.17657156785329184,0.050935786117487385,0.23136290907859802,0.13065871596336365,0.16769307851791382
760.0,0.20175498723983765,0.10225412326982497,0.2917146384716034,0.0905456244945526,0.22300469875335693
761.0,0.18748453756173453,0.0803377856969824,0.2337220162153244,0.09471860527992247,0.2340129911899567
762.0,0.11380535364151001,0.06240242974384586,0.184592604637146,0.06675252318382263,0.0900709331035614
763.0,0.11372793714205424,0.15154037230243192,0.005870610475540161,0.04832687973976135,0.2869863212108612
764.0,0.15442953507105509,0.1136261076047606,0.25216296315193176,0.029753684997558594,0.18137195706367493
765.0,0.19870511690775552,0.10909459084504784,0.2503035366535187,0.07338288426399231,0.2724289298057556
766.0,0.1636779805024465,0.052511159465926084,0.1680516004562378,0.10911679267883301,0.21386554837226868
767.0,0.0889782855908076,0.08018479830429061,0.011140555143356323,0.08447402715682982,0.17132027447223666
768.0,0.15380502740542093,0.013270467675924887,0.1448024958372116,0.16904506087303162,0.1475675255060196
769.0,0.18144777417182922,0.049740735880977716,0.1348392516374588,0.1756853014230728,0.23381876945495605
770.0,0.17083215216795603,0.049440329815992466,0.20874865353107447,0.11491310596466064,0.18883469700813293
771.0,0.17747443914413452,0.19047490195303388,0.09040626883506776,0.04609414935112,0.3959228992462158
772.0,0.09857418139775594,0.06828669791550593,0.12817475199699402,0.020481497049331658,0.14706629514694214
773.0,0.10239326457182567,0.09001275687141794,0.18530158698558807,0.006653249263763428,0.11522495746612547
774.0,0.1637365072965622,0.11281224614752668,0.25229448080062866,0.2021903246641159,0.03672471642494202
775.0,0.15192820131778717,0.11374685468697249,0.1576296240091324,0.03543785214424133,0.2627171277999878
776.0,0.06153724590937298,0.20117356539096182,0.21659471094608307,-0.1657869815826416,0.13380400836467746
777.0,0.1460271179676056,0.023261548313276006,0.12908095121383667,0.13645248115062714,0.17254792153835294
778.0,0.10698454578717549,0.16576056387831337,-0.047311514616012566,0.08604532480239868,0.2822198271751404
779.0,0.1818441798289617,0.05102126383757645,0.2381058484315872,0.13857604563236234,0.16885064542293549
780.0,0.2361656576395035,0.03649750461381608,0.2632728219032288,0.2505578994750977,0.194666251540184
781.0,0.2701795448859533,0.04093108265018051,0.22743003070354464,0.27409827709198004,0.3090103268623352
782.0,0.1252222607533137,0.057352875875384825,0.1897699683904648,0.08012080192565918,0.10577601194381714
783.0,0.10730147361755371,0.15003038665524124,0.26846060156822205,-0.028322786092758182,0.08176660537719728
784.0,0.1876671016216278,0.11582424687991637,0.2671360373497009,0.05477270483970642,0.2410925626754761
785.0,0.08249603708585103,0.0242954252240757,0.11053195595741272,0.06760737299919127,0.0693487823009491
786.0,0.0583504835764567,0.026091405278585292,0.03304630517959595,0.08516362309455873,0.05684152245521545
787.0,0.054642687241236367,0.03986174289207121,0.02248355746269226,0.042203813791275024,0.09924069046974182
788.0,0.17574134469032285,0.17037530550425672,0.0552678108215332,,0.2962148785591125
789.0,0.056696683168411255,0.05352165331071801,0.07511308789253235,-0.003601580858230591,0.098578542470932
790.0,0.12082770466804504,0.1320510194609232,0.20913870632648468,-0.030976980924606327,0.1843213886022568
791.0,0.16566635171572366,0.13943833757942414,0.25290948152542114,0.004850387573242188,0.2392391860485077
792.0,0.1445166418949763,0.1756429275042039,0.2376406043767929,-0.058078616857528687,0.2539879381656647
793.0,0.10051372647285461,0.24355512981000008,0.2522673010826111,-0.18041729927062988,0.22969117760658264
794.0,0.14659842352072397,0.1882228503569626,0.23976464569568634,-0.07003727555274962,0.27006790041923523
795.0,0.08614194393157959,0.21059847682355023,0.19130820035934448,-0.15632736682891846,0.22344499826431274
796.0,0.09957578778266907,0.1948316243328671,0.14852479100227356,-0.11506274342536925,0.2652653157711029
797.0,0.10923940936724345,0.1872824076897402,0.17641597986221313,-0.10236623883247377,0.25366848707199097
798.0,0.13699668645858765,0.2002941551543232,0.2671146094799042,-0.09365135431289673,0.2375268042087555
799.0,0.12145740787188213,0.11012645294675938,0.2049742490053177,-0.003346413373947144,0.16274438798427582
800.0,0.22154844800631204,0.09808959536784925,0.1546027660369873,0.17589938640594482,0.33414319157600403
801.0,0.183638463417689,0.09104399709639847,0.2010200023651123,0.08515670895576477,0.26473867893218994
802.0,0.20245087146759033,0.0785828986693454,0.1504020392894745,0.2928450107574463,0.16410556435585022
803.0,0.12249094247817993,0.11150613110923524,0.06284698843955994,0.05349203944206238,0.2511337995529175
804.0,0.005097657442092897,0.031470672461447975,-0.0171554684638977,,0.027350783348083496
805.0,0.08220445116360979,0.14254603018850617,0.048155903816223145,-0.040234148502349854,0.2386915981769561
806.0,0.07030752301216125,0.09209121968048556,0.0754440426826477,-0.024244457483291626,0.15972298383712769
807.0,0.09114667773246765,0.14500309809684794,0.09234732389450072,-0.05445301532745361,0.23554572463035586
808.0,0.060977826515833534,0.1529911258378306,0.043002843856811516,-0.0822317898273468,0.2221624255180359
809.0,0.12940895557403564,0.14122062647803796,0.11059778928756714,-0.0014632940292358398,0.27909237146377563
810.0,0.14044503370920816,0.20764211700734622,0.2389911711215973,-0.098120778799057,0.28046470880508423
811.0,0.09052871664365132,0.26927351833005636,0.10154956579208374,-0.18408602476119995,0.3541226089000702
812.0,0.17770084738731384,0.16925183997367926,0.2303417921066284,-0.01161620020866394,0.31437695026397705
813.0,0.14258621136347452,0.11909868967939682,0.25359252095222473,0.01677873730659485,0.157387375831604
814.0,0.19860591739416122,0.007016386069138956,,0.2035672515630722,0.19364458322525024
815.0,0.18154498934745789,0.07646675329879975,,0.1274748295545578,0.235615149140358
816.0,0.24327771862347922,0.03303285580513843,0.2569326460361481,0.20560666918754572,0.2672938406467438
817.0,0.264629398783048,0.10650439076533841,0.1417238861322403,0.3223590552806854,0.32980525493621826
818.0,0.1265278160572052,0.10974043341105243,0.16639839112758634,0.00242576003074646,0.2107592970132828
819.0,0.13335497180620828,0.0796932161767334,0.1259133219718933,0.0576435923576355,0.21650800108909607
820.0,0.20591304202874502,0.08003001397760276,0.12787890434265134,0.2020604461431504,0.2877997756004333
821.0,0.13498569031556445,0.08913536354641424,0.09251654148101808,0.07502672076225281,0.2374138087034225
822.0,0.17606032888094583,0.03284225807538188,0.14782145619392395,0.16825857758522034,0.21210095286369324
823.0,0.1454637348651886,0.11219213661887056,0.1666567623615265,0.024186521768569943,0.24554792046546936
824.0,0.21387682855129242,0.08595452204470949,0.2273770719766617,0.1219710409641266,0.292282372713089
825.0,0.24178868035475412,0.04253155860907818,0.2732890844345093,0.1934083253145218,0.2586686313152313
826.0,0.2757142086823781,0.0736627945891671,0.20403814315795896,0.351214736700058,0.27188974618911743
827.0,0.33710149427254993,0.1713886394537581,0.2790930867195129,0.2022449821233749,0.5299664139747621
828.0,0.1326443056265513,0.08662219009595598,0.1010083258152008,0.06628701090812683,0.2306375801563263
829.0,0.2428810844818751,0.021113710682033816,0.2355895340442657,0.2666741609573364,0.2263795584440232
830.0,0.2013935794432958,0.009562506529776367,0.20521977543830872,0.19051043689250946,0.2084505259990692
831.0,0.18380279342333475,0.04280951834868843,0.20352348685264587,0.1346871852874756,0.2131977081298828
832.0,0.22051804761091867,0.049444452488982917,0.2518166303634644,0.16351597011089325,0.24622154235839844
833.0,0.26970455050468445,0.016089750975430382,0.2533288598060608,0.2702925503253937,0.2854922413825989
834.0,0.14697129527727762,0.10326821247763732,0.06667745113372803,0.1107703447341919,0.26346608996391296
835.0,0.27999048431714374,0.06492974789100982,0.20818951725959772,0.33458155393600464,0.2972003817558289
836.0,0.23503966132799783,0.20741406663057455,0.011943697929382324,0.4220312535762787,0.2711440324783325
837.0,0.1523138185342153,0.15332478659726803,0.09693175554275513,0.034374803304672234,0.3256348967552185
838.0,0.11085167527198792,0.20687806195873004,0.15458360314369202,-0.1143961250782013,0.292367547750473
839.0,0.207895427942276,0.09057253932944102,0.13335563242435455,0.1816338449716568,0.30869680643081665
840.0,0.24761282900969186,0.09188819151030665,0.2229563295841217,0.17056836187839508,0.34931379556655884
841.0,0.14018703500429788,0.1316618158660961,0.04004400968551637,0.09119611978530884,0.2893209755420685
842.0,0.21601743499437967,0.05535653438787924,0.19985274970531464,0.17054258286952972,0.2776569724082947
843.0,0.22638520101706186,0.18198291351578436,0.046158552169799805,0.22292210161685946,0.4100749492645264
844.0,0.14574186007181802,0.1633411031750313,0.0717189610004425,0.032517582178115845,0.3329890370368957
845.0,0.20962725083033243,0.1483302704460053,0.2315373420715332,0.05156058073043823,0.3457838296890259
