time_s,v_mean,v_std,user00,user10,user01
0.0,,,,,
1.0,-0.08290603666666667,0.050390623656906976,-0.13428319,-0.03356358,-0.08087134
2.0,-0.02474908166666667,0.0580549860833336,-0.08024165,0.03556732,-0.029572915
3.0,-0.04989617666666666,0.04028253065253563,-0.09569612,-0.034028712999999995,-0.019963697
4.0,-0.09709472333333334,0.040905675375808595,-0.13112970000000002,-0.05171371,-0.10844076
5.0,-0.13267355333333333,0.008351330609695288,-0.12306252,-0.13679661,-0.13816153
6.0,0.017165451333333335,0.07348044493364955,-0.06765964599999999,0.0578742,0.0612818
7.0,-0.011400729999999998,0.05271367632757271,-0.05061822,-0.03210604,0.04852207
8.0,-0.07256986,0.06106213904733194,-0.06684838,-0.13629137,-0.01456983
9.0,-0.10710780199999999,0.0379664187120246,-0.11454409,-0.14080589999999998,-0.065973416
10.0,-0.067257635,0.01374552650123123,-0.07697719,,-0.05753808
11.0,-0.0174339,0.016172946299298715,-0.0059979,,-0.0288699
12.0,-0.077837986,0.0984028534128235,0.035700962,-0.13076012,-0.1384548
13.0,-0.14049302233333336,0.08450986057453334,-0.043065477000000005,-0.19398399,-0.1844296
14.0,-0.05764545133333334,0.13892451062476277,0.091199316,-0.08026102,-0.18387465
15.0,-0.0819805721,0.07614089111385153,-0.14498797,-0.103580415,0.0026266687
16.0,-0.08313996466666666,0.050354234423011394,-0.0528143,-0.14126574,-0.055339854
17.0,-0.058009002513333324,0.0504418171373404,-0.09435606,-0.079250515,-0.00042043254
18.0,-0.04811793133333333,0.07405733956272575,-0.13266897,0.0052405,-0.016925324
19.0,-0.085337561,0.043377163702955655,-0.036002133,-0.11749460000000002,-0.10251595
20.0,-0.119796207,0.03228036007373163,-0.092559665,-0.15545194,-0.111377016
21.0,-0.02531802866666667,0.10600207555712401,-0.04217734,0.08810335400000001,-0.12188010000000002
22.0,-0.002991493,0.047775704051865514,-0.056920443,0.03403624,0.013909723999999998
23.0,-0.058988459666666666,0.02682898221206262,-0.08585243,-0.032194602999999995,-0.058918346
24.0,-0.03282618733333333,0.058383243078467276,-0.09553662,0.019956915,-0.022898857
25.0,-0.11390164800000002,0.0247787291377442,-0.10921873,-0.14068770000000005,-0.091798514
26.0,0.03563557976666667,0.041998098652419394,-0.0008700527000000001,0.081535175,0.026241617
27.0,-0.10255752466666668,0.01948358664812167,-0.12500234,-0.09267035,-0.089999884
28.0,-0.02729745533333333,0.042770475070429435,-0.06664844,0.018222544,-0.03346647
29.0,-0.077718098,0.0550505261433975,-0.06248418,-0.13878135,-0.031888764
30.0,-0.03185646333333333,0.09251047106270731,0.021014435,-0.13867654,0.022092715
31.0,-0.09139360566666667,0.07010646721221664,-0.016172547,-0.15491284,-0.10309543
32.0,-0.10351783466666666,0.06186309128625741,-0.036759358,-0.15890892,-0.114885226
33.0,-0.06757646333333334,0.05684020665338497,-0.0033363140000000004,-0.111346066,-0.08804701
34.0,-0.09413727033333334,0.0245452359803034,-0.11579403,-0.099142626,-0.067475155
35.0,-0.12775587633333332,0.09117173671738613,-0.023870539,-0.16492820000000002,-0.19446889
36.0,-0.09456074033333334,0.05522750289923211,-0.032729756,-0.13899563,-0.111956835
37.0,-0.07794566000000001,0.09904964104296682,0.032630935,-0.15854095,-0.107926965
38.0,-0.11684103000000001,0.015868411369771716,-0.10369152,-0.1123648,-0.13446677
39.0,-0.03674980133333334,0.11596071710052618,-0.027704094,0.07442315,-0.15696846
40.0,-0.15022215666666666,0.07396498510516739,-0.09595567,-0.2344709,-0.12023989999999997
41.0,-0.009293426000000002,0.09262581006068472,0.022776417,0.063035585,-0.11369228
42.0,-0.13311223333333333,0.01067809948789733,-0.12294835,-0.14423929,-0.13214906
43.0,-0.033381325333333337,0.17272171714946008,-0.082839236,0.15867434,-0.17597908
44.0,-0.05515607,0.11377766111101555,-0.13959432,0.07422952,-0.10010341
45.0,-0.06634043533333334,0.11660898782483409,-0.14293137,0.06786138,-0.123951316
46.0,-0.12301929666666667,0.05998783044873046,-0.1588798,-0.05376597,-0.15641212
47.0,-0.09086053966666667,0.06436524646123706,-0.11646035,-0.13848722,-0.017634049
48.0,0.08907302533333335,0.03661836985929556,0.12508614,0.09025492,0.051878016
49.0,-0.14733177,0.03108615650146059,-0.11212765,-0.15886328,-0.17100438
50.0,-0.06889300899999999,0.08750186566427469,-0.053938005,0.010167558,-0.16290858
51.0,0.031001238,0.11850346099654344,0.14206542,0.044690754000000006,-0.09375246
52.0,-0.01676062889333333,0.05617303268848308,-0.07948662,0.00030211732000000004,0.028902616
53.0,0.005369537666666664,0.068090958782211,-0.053529795,-0.010286562,0.07992497
54.0,-0.07123027,0.07161557940847578,-0.08763911,-0.1332174,0.0071657
55.0,-0.07576476623333334,0.07790996418322933,-0.15959406,-0.06212466,-0.0055755787
56.0,-0.09452229666666667,0.025999766100975475,-0.11228068,-0.10660659,-0.06467962
57.0,0.009393427000000003,0.10379854776224617,,-0.06400323,0.082790084
58.0,-0.11457248750000001,0.05503903163634434,,-0.075654015,-0.15349096
59.0,-0.12379124333333334,0.006780832699118398,-0.13105966,-0.11763567,-0.1226784
60.0,-0.05449820019999999,0.0506443718601387,-0.10239522,-0.0014935546,-0.059605826
61.0,-0.03146793333333334,0.06523912472138352,-0.08430152,-0.05155493,0.04145265
62.0,-0.06486396866666667,0.027956476422056935,-0.09082401,-0.06850086,-0.035267036
63.0,0.033517947,0.04787927168346953,-0.016993473999999998,0.07823829,0.039309025
64.0,-0.05019112666666666,0.127977589016281,-0.13221128,0.0972745,-0.1156366
65.0,-0.037018535,0.06146191907831162,-0.08156137,0.033101805,-0.06259604
66.0,0.0004536686666666648,0.06936272993264284,-0.07572122,0.05997072,0.017111506000000002
67.0,-0.08965491133333332,0.013797100691650592,-0.07858276,-0.085270524,-0.10511145
68.0,-0.048007386000000006,0.1402579449649419,0.051169958,,-0.14718473
69.0,-0.022686737499999998,0.15869430966522716,0.089527085,,-0.13490056
70.0,-0.09898661733333332,0.05692662936738975,-0.11774209,-0.14416908,-0.035048682000000005
71.0,-0.11066952333333334,0.013552922287404786,-0.0950443,-0.11923778,-0.11772649
72.0,-0.04333585,0.06502191337608652,-0.09353481,0.03011544,-0.06658818
73.0,-0.038310957666666666,0.06849070524089446,-0.076699,0.040764157,-0.07899803
74.0,-0.06033892533333333,0.08142186431120492,-0.14373943,0.018948384,-0.05622573
75.0,-0.07666576933333334,0.09286296061370239,-0.11873399,-0.14104962,0.029786302
76.0,-0.057492931000000004,0.035262184733115313,-0.046561737,-0.09692621,-0.028990846
77.0,-0.021523469333333333,0.07780387821180808,-0.046508174000000006,0.065703526,-0.08376576
78.0,-0.10731196866666666,0.02308291357710298,-0.08255619,-0.111135066,-0.12824465
79.0,-0.09711147,0.0003078318661217462,,-0.09732914,-0.0968938
80.0,-0.073096197,0.030769669197176903,-0.081238136,-0.09897609,-0.039074365
81.0,-0.07983591266666666,0.03132660773475715,-0.07918857,-0.111481175,-0.048837993
82.0,-0.06662155583333333,0.09785436075924568,-0.03307252,-0.17683762,0.0100454725
83.0,-0.060330936766666676,0.07623501020045823,-0.14722492,-0.029084500000000006,-0.0046833903000000005
84.0,-0.089590642,0.07235862288512096,-0.10484271,-0.15310743,-0.010821786000000002
85.0,-0.07338048133333333,0.012889565116407355,-0.059746284,-0.07502821,-0.08536695
86.0,-0.10355519283333332,0.09799534367808928,-0.093941584,-0.20600303,-0.0107209645
87.0,-0.036151811666666665,0.04866399873998983,-0.040035587,-0.08275755,0.014337702
88.0,-0.02554242583333333,0.04050622792709289,-0.07230964,-0.0027714036,-0.0015462339000000002
89.0,-0.05818162166666666,0.0719606836891466,-0.0958616,-0.10347824,0.024794975
90.0,-0.017549876533333335,0.0723526115985264,-0.09450397,0.049095433,-0.0072410926
91.0,-0.054355086999999996,0.02630729659960158,-0.07770495,-0.059507567,-0.025852744
92.0,-0.11077934666666668,0.06916727027996504,-0.08678146,-0.1887494,-0.05680718
93.0,-0.0905980015,0.16762620816774454,,-0.20912763,0.027931627
94.0,-0.05370808333333333,0.043409361137210126,-0.029445324,-0.10382448,-0.027854446
95.0,-0.08812135666666666,0.06113544122032108,-0.07224339,-0.15562929,-0.03649139
96.0,-0.012168637233333335,0.02295010414707604,0.0043474995,-0.0024789982,-0.038374413
97.0,-0.08547612433333333,0.07330726849602011,-0.100424886,-0.15015683,-0.005846657
98.0,-0.07965417333333333,0.024702473510712107,-0.09360923,-0.09422089,-0.0511324
99.0,-0.060173075,0.02787343235862198,-0.08222981,-0.028845605,-0.06944381
100.0,0.026627922999999987,0.19079704934020605,-0.13203120000000002,0.23833564,-0.026420671
101.0,-0.102006088,0.029306801395508723,-0.13571838,-0.08769938,-0.082600504
102.0,-0.11056365066666667,0.044848283808200745,-0.059681762,-0.12765932,-0.14434987
103.0,-0.09050819666666667,0.03902746607501098,-0.08406167,-0.05510537,-0.13235755
104.0,-0.07365257733333334,0.12345045509787012,-0.01586577,-0.21539778,0.010305818
105.0,0.04824066333333334,0.07173924893485038,0.07867092,0.09974899,-0.03369792
106.0,-0.08162843366666667,0.06761382077156061,-0.027976934,-0.1575741,-0.059334267
107.0,-0.014288785333333337,0.041215653204159326,-0.056026746,-0.013223518,0.026383908
108.0,-0.0413621959,0.04204379156457475,-0.0069622137,-0.028894674,-0.08822970000000001
109.0,-0.06497879433333333,0.010256812001819295,-0.073696256,-0.06756316,-0.053676967
110.0,-0.08956547166666667,0.05341712723974455,-0.10493782,-0.13361089,-0.030147705
111.0,-0.059992390666666666,0.045241657134697674,-0.06437056,-0.1028858,-0.012720812
112.0,-0.08710517666666667,0.08342971380240699,-0.026546378,-0.18226902,-0.052500132000000005
113.0,-0.05931754,0.05791605878388825,-0.04064398,-0.12426676,-0.01304188
114.0,-0.14970071133333332,0.0367436553938261,-0.110588074,-0.15501809,-0.18349597
115.0,-0.08646494900000001,0.05985245308474326,-0.11886765,-0.12313008,-0.017397117
116.0,-0.13310247533333333,0.05084959812234768,-0.10283482,-0.19180904,-0.104663566
117.0,-0.07934630833333332,0.03484759035457342,-0.11931673,-0.06337714,-0.055345055
118.0,-0.022673300666666663,0.04993129120911885,-0.06749731,0.031143162,-0.031665754
119.0,-0.13940334333333335,0.05968666269490139,-0.08049025,-0.19983461,-0.13788517
120.0,-0.06938737766666667,0.05046155566503302,-0.026922043,-0.12517276,-0.05606733
121.0,-0.066047961,0.13064202978549935,-0.023579206,-0.2126404,0.038075723
122.0,-0.09070004925,0.14267312014843297,,-0.19158518,0.0101850815
123.0,-0.089884435,0.031982135657151634,,-0.11249922,-0.06726965
124.0,0.015492390000000003,0.15408687580509153,-0.08278704,-0.06381489,0.1930791
125.0,0.001406908000000003,0.10948706697220102,0.021412684,-0.11670354,0.09951158
126.0,-0.0018108443333333297,0.14142728265447443,-0.049055237,-0.113568306,0.15719101
127.0,-0.015273811333333337,0.1110374771430262,-0.03910773,-0.112459004,0.1057453
128.0,-0.02254301,0.12761343725469548,-0.09068452,-0.10162145,0.12467694
129.0,-0.03330213816666666,0.02408517947048997,-0.048732262,-0.045625273,-0.005548879499999999
130.0,-0.022423697133333337,0.06138179517714656,0.0022351556,0.022794079,-0.092300326
131.0,-0.075519063,0.04889612313536858,-0.044009145,-0.1318471,-0.050700944000000005
132.0,-0.07379089923333333,0.07795486403679579,-0.059909333,-0.157754,-0.0037093647
133.0,-0.026451258000000002,0.06632324465328661,0.046707846,-0.08264157,-0.04342005
134.0,-0.101335529,0.06880371207899849,-0.07183172,-0.17997088,-0.052203987
135.0,-0.057494666,0.013170730760685834,-0.06877582,-0.060686972,-0.043021206
136.0,-0.05225950799999999,0.09519562621332213,0.052368272,-0.13376206,-0.075384736
137.0,-0.108361178,0.024434046681642646,-0.09723821,-0.13637778,-0.091467544
138.0,-0.03429330333333333,0.08282504559539303,-0.08421193,-0.07998161,0.06131363
139.0,0.007786327166666667,0.10205154223669571,-0.08281961,-0.0121597685,0.11833836
140.0,-0.022091890000000003,0.15560631511221293,-0.0755073,-0.14395545,0.15318708
141.0,-0.041325554333333334,0.0587175956955741,-0.029075813,-0.105201736,0.010300886
142.0,-0.110360335,0.03297463073522507,,-0.13367692,-0.08704375
143.0,-0.152268445,0.0027956102990313275,,-0.15424524,-0.15029165
144.0,-0.14355815333333335,0.0068195234648495235,-0.14789325,-0.13569753,-0.14708368
145.0,-0.09203481499999999,0.06312229791649442,-0.021529105,-0.14329183,-0.11128351
146.0,-0.06401279733333333,0.03419886264437374,-0.058996152,-0.1004429,-0.03259934
147.0,-0.130602585,0.03314044727541333,,-0.15403642,-0.10716875
148.0,-0.04143414666666667,0.08765021552015279,-0.03889535,0.04491909,-0.13032618
149.0,-0.12350550333333334,0.03938691394012145,-0.10438979,-0.16880229,-0.09732443
150.0,-0.10496034333333333,0.009560218148778481,-0.10494593,-0.11452776,-0.09540734
151.0,-0.08415779956666668,0.06665647320424035,-0.11954817,-0.0072703287,-0.1256549
152.0,-0.12014003,0.0141230294484859,-0.12830937,-0.10383217,-0.12827855
153.0,-0.06620065373333334,0.05962125830411825,-0.10620692,0.0023237988,-0.09471884
154.0,-0.08210085366666667,0.011912520754629157,-0.074995875,-0.07545297,-0.095853716
155.0,-0.129627327,0.054144326178924215,-0.082934156,-0.18897973,-0.116968095
156.0,-0.04241215166666667,0.03939933173043259,-0.059091408,-0.07072848,0.002583433
157.0,-0.10323160033333334,0.028105908189595477,-0.12918568,-0.107128546,-0.073380575
158.0,-0.132898518,0.06038364060877061,-0.16822955,-0.06317560400000001,-0.1672904
159.0,-0.03300263466666667,0.07480390128150173,0.037366774,-0.024808388,-0.11156629
160.0,-0.14875626333333333,0.04357838862433114,-0.13819468,-0.19664475,-0.11142936
161.0,-0.11560667000000001,0.03340615867342578,-0.08282058,-0.14960016,-0.11439927
162.0,-0.11012824666666667,0.010649890854658244,-0.10959864,-0.12103306,-0.09975304
163.0,-0.099945568,0.03994412572067252,-0.08611023400000001,-0.14496797,-0.0687585
164.0,-0.08341075866666665,0.02473490622930407,-0.07209484,-0.06635797,-0.111779466
165.0,-0.11960448166666666,0.021037497248260272,-0.099066615,-0.1186385,-0.14110833
166.0,-0.10658396033333332,0.07214073289778564,-0.023805711,-0.13990423,-0.15604194
167.0,-0.08431193,0.017829372088834203,-0.07919212,-0.10414109,-0.06960258
168.0,-0.033331385533333334,0.05463165102108307,-0.09564532,-0.01068015,0.0063313134
169.0,-0.10952738666666667,0.03525834699256381,-0.09373385,-0.08492686,-0.14992145
170.0,-0.05041807266666667,0.12335982839785357,0.04903753,-0.1884583,-0.011833448
171.0,-0.0577329099,0.04868853702107753,-0.07410258,-0.09612703,-0.0029691197
172.0,-0.03643652,0.08131010803244022,0.04421118,-0.11839323,-0.03512751
173.0,-0.006107617333333333,0.04926414806474183,0.015468497,-0.062478673,0.028687324
174.0,-0.04154270900000001,0.07873455583712846,-0.095679626,-0.07772791400000001,0.048779413
175.0,-0.04882657666666667,0.03446806404005066,-0.06311138,-0.07385568,-0.00951267
176.0,-0.04967420166666667,0.04188713724205382,-0.088026285,-0.004976198,-0.056020122
177.0,-0.019571376666666668,0.14775206407176594,-0.06498104,-0.13928896,0.14555587
178.0,-0.09013609733333333,0.09070966044790953,-0.08451244,-0.18352675,-0.002369102
179.0,-0.13513165666666668,0.07241602681280045,-0.12784311,-0.21091634,-0.06663552
180.0,-0.067185326,0.01929716957532342,-0.0824969,-0.07354908,-0.045509998
181.0,-0.02625206466666666,0.09532798325667671,-0.061828878,-0.09867531,0.081747994
182.0,-0.022334828333333345,0.10266241560039832,-0.009471785,-0.1308226,0.07328989999999999
183.0,-0.022195954466666667,0.030182433516947497,-0.004467100000000001,-0.0050749034000000005,-0.05704586
184.0,-0.005034352833333333,0.03087277508324754,0.0051175095,0.019484192,-0.03970476
185.0,-0.05231779893333333,0.05278578349044878,-0.06388691,0.0052929632,-0.09835945
186.0,-0.04896944466666667,0.026427218549084395,-0.021551449,-0.051077235,-0.07427965
187.0,-0.026351228333333337,0.11035627120906205,-0.098307595,-0.08145113,0.10070504
188.0,-0.06496445743333333,0.05561092203216657,-0.1074999,-0.08535759,-0.0020358823
189.0,-0.025749206666666666,0.08456320394100636,-0.07394037,-0.07520051,0.07189326
190.0,-0.04220958833333333,0.07331747218402887,-0.124317914,0.016708473,-0.019019324
191.0,-0.018502421866666664,0.062374168262155444,-0.087246925,-0.0027361326000000003,0.034475792000000005
192.0,-0.0193528,0.05869376801590999,-0.06283195,-0.042636897,0.047410447
193.0,-0.0602568426,0.05080263771774896,-0.100000665,-0.077751085,-0.0030187778
194.0,-0.015027159266666664,0.07752488320091405,-0.099095196,0.0003698282,0.05364389
195.0,0.026687120000000005,0.01984873805474101,0.04923541,0.018970132,0.011855818
196.0,0.019027015,0.07783437301992432,-0.07011305,0.05366094,0.073533155
197.0,-0.011529547666666667,0.05081915578152164,-0.06943342,0.009179648,0.025665129
198.0,-0.036632857266666666,0.0529403348616607,-0.015533857,-0.09686941,0.0025046952
199.0,-0.06007662033333333,0.06979786464996426,-0.13128643,-0.05716138,0.008217949
200.0,-0.03203898533333333,0.10015458102185154,0.011314664,-0.14656669,0.03913507
201.0,-0.04778723166666666,0.02538701409599617,-0.04763968,-0.0732477,-0.022474315
202.0,-0.052058944999999995,0.07357713351320623,-0.06266019,-0.11976041,0.026243765
203.0,-0.12080027133333333,0.05380729578441929,-0.098242044,-0.1822149,-0.08194387
204.0,-0.09902704066666668,0.12061882161255566,-0.04480281,-0.23724136,-0.015036952
205.0,-0.038206693,0.015435758490077932,-0.04626744,-0.020409297,-0.047943342
206.0,-0.03961474,0.06279067840783137,0.02422877,-0.10129677,-0.04177622
207.0,-0.033441344666666664,0.0944146674120261,-0.038362864,-0.125299,0.06333783
208.0,0.004006995,0.034434902101352416,-0.03573854,0.02487063,0.022888895
209.0,0.00716105966666667,0.09833854655159649,0.11803405,-0.069508776,-0.027042095
210.0,-0.0005181093333333301,0.13673227930545248,0.14700845,-0.122991264,-0.025571514
211.0,-0.065851128,0.09562302842334891,-0.11882976,-0.123258844,0.04453522
212.0,0.10928631999999999,0.06595153194387224,0.17970926,0.09917588,0.04897382
213.0,0.047495121333333334,0.09742324727742104,-0.06459242,0.11181998,0.095257804
214.0,0.007596861666666663,0.11508720534437314,-0.11093281,0.014822265,0.11890113
215.0,-0.018377378,0.11761123843050006,-0.090446204,0.11734137,-0.0820273
216.0,-0.006119440666666667,0.09859528997722174,-0.11502303,0.07707322,0.019591488
217.0,-0.05570978100000001,0.09371999500588886,-0.14009051,0.045160707,-0.07219954
218.0,-0.04902504099999999,0.02688234180264794,-0.03232864,-0.034710873,-0.08003561
219.0,-0.0031844546666666648,0.10587954320448123,-0.08787262400000001,-0.03720406,0.11552332
220.0,0.027451167999999998,0.06993418738548988,-0.017084453,-0.008618183,0.10805614
221.0,-0.054385123,0.026544799047737527,-0.02805579,-0.053959314,-0.081140265
222.0,-0.04398483833333333,0.04217170005336333,-0.07985902,0.002469521,-0.054565016
223.0,-0.060487934666666666,0.04439044464750463,-0.058963615,-0.016879283000000002,-0.105620906
224.0,-0.034075728666666666,0.046996068415237305,-0.050144736,0.0188472,-0.07092965
225.0,-0.045531296666666665,0.10704967135632426,-0.06475459,-0.14166689999999998,0.0698276
226.0,-0.05367164916666667,0.06671740023719094,-0.13030076,-0.02222703,-0.0084871575
227.0,-0.05926868333333333,0.11173440015642858,-0.18170308,-0.033292655,0.037189685
228.0,0.010579064666666665,0.12547073529111308,-0.040650826,-0.08117093,0.15355895
229.0,-0.066160271,0.07126093759612208,-0.02618863,-0.023857873,-0.14843431
230.0,-0.04918790533333334,0.08031360389890685,-0.08353247,0.042587414,-0.10661866
231.0,-0.11590587666666667,0.010781497814799819,-0.11694783,-0.10464123,-0.12612857
232.0,-0.008843615633333335,0.06983107221383547,-0.082963526,0.0007198341000000001,0.055712845
233.0,-0.117692698,0.012661627818792973,-0.11154589,-0.13225433,-0.109277874
234.0,-0.049690044999999995,0.10223953103245816,-0.103086695,-0.11417571,0.06819227
235.0,-0.080482367,0.09856319315846929,0.011796953,-0.1843117,-0.068932354
236.0,-0.12600414833333332,0.09168648517733902,-0.14253353,-0.027177345,-0.20830157
237.0,-0.123318255,0.06209277927570745,-0.12635998,-0.059760515,-0.18383427
238.0,-0.12948138,0.03540329360174982,-0.13684179,-0.09097645,-0.1606259
239.0,-0.12597615466666667,0.03269149035290017,-0.092926964,-0.1582978,-0.1267037
240.0,-0.09154479266666667,0.048022000102630476,-0.10732804,-0.037617538,-0.1296888
241.0,-0.070422618,0.056180866959497595,-0.11014849,-0.030696746,
242.0,-0.0499782835,0.03886822645637905,-0.07746227,-0.022494297000000003,
243.0,-0.048504305,0.009987084253597246,-0.04144237,-0.05556624,
244.0,-0.12320181699999999,0.0892002377549819,-0.18627591,-0.060127724,
245.0,-0.0641419665,0.13428948219200945,-0.15909897,0.030815037000000007,
246.0,-0.052300087,0.05017467826258061,-0.1081599,-0.011056304,-0.037684057
247.0,-0.060854128666666674,0.1198929781782042,0.04398942,-0.19157149,-0.034980316000000004
248.0,-0.07992066233333332,0.08341201633933479,-0.008755673,-0.17171012,-0.059296194
249.0,-0.0201579145,0.01889505438259887,-0.0068456195,-0.041784372,-0.011843752
250.0,0.017890793333333332,0.046627282831915404,0.06650726,0.01361835,-0.02645323
251.0,-0.144024999,0.09666733482936737,-0.060233857,-0.2497865,-0.12205464
252.0,-0.12099808666666667,0.00318740947087652,-0.12393451,-0.1214515,-0.11760825
253.0,-0.09217134799999999,0.040631567090406585,-0.081080794,-0.13719667,-0.05823658
254.0,-0.053786345,0.028213991904479773,-0.07373665,-0.03383604,
255.0,-0.09668154133333334,0.0009266114816498501,-0.096744224,-0.09757522,-0.09572518
256.0,-0.09207726033333334,0.09424152602850858,-0.12669718,0.014577878999999997,-0.16411248
257.0,-0.108863475,0.02587484317150203,-0.120268315,-0.07924548,-0.12707663
258.0,-0.08293588166666667,0.05791367818957675,-0.06332077,-0.14810976,-0.037377115
259.0,-0.11555276466666668,0.054010760555817626,-0.11434537,-0.1701571,-0.06215582400000001
260.0,-0.09661621666666668,0.002613243480970199,-0.0978872,-0.09835085,-0.09361060000000003
261.0,-0.10513994,0.026600514667942526,-0.099686205,-0.081688955,-0.13404466
262.0,-0.09421107933333332,0.054774642824799005,-0.060252663,-0.064980105,-0.15740047
263.0,-0.070586345,0.03933133090657321,-0.025510956,-0.097931385,-0.088316694
264.0,-0.1587819686666667,0.06973448360121401,-0.22920626,-0.08975839599999999,-0.15738125
265.0,-0.073271647,0.09801852790735593,-0.15371843,-0.101996556,0.035900045
266.0,-0.06382101700000002,0.14584669513785367,-0.111456886,-0.17989367,0.099887505
267.0,-0.17045236133333333,0.11729489312593529,-0.06053783400000001,-0.15687358,-0.29394567
268.0,-0.11974707333333334,0.04556437988531429,-0.06795171,-0.13764207,-0.15364744
269.0,-0.13460119766666667,0.07865194239497945,-0.043893043,-0.18384771,-0.17606284
270.0,-0.121224028,0.06076941010924305,-0.051653314000000006,-0.14808108,-0.16393769
271.0,-0.11463776,0.05729918178978824,-0.07412112,-0.1551544,
272.0,-0.12838058,0.025613670356276548,-0.14649218,-0.11026898,
273.0,-0.11730737499999999,0.06057985319857789,-0.07447095,-0.16014379999999998,
274.0,-0.05370291666666666,0.06392132889244743,-0.01780114,-0.1275039,-0.01580371
275.0,0.00016133633333333583,0.1792366220145383,-0.015185501,-0.17090842,0.18657793
276.0,-0.11166787066666668,0.0814001683462285,-0.1826045,-0.12960352,-0.022795592000000003
277.0,-0.05603667966666667,0.06928193644484362,-0.12503721,-0.056596104,0.013523275
278.0,-0.02216959333333333,0.08392676723280333,-0.11845939,0.035457317,0.016493293
279.0,-0.019961725333333333,0.0939621755911006,-0.116991594,0.07059835,-0.013491932
280.0,-0.013571027666666667,0.09907251105442229,-0.126066,0.060677107,0.02467581
281.0,-0.05890046666666667,0.1233517100738317,-0.14833096,0.08182147,-0.11019191
282.0,-0.08873372116666667,0.08822649269881386,-0.17191233,0.0037957765,-0.09808461
283.0,-0.0554073594,0.07308578781847021,-0.13779412,-0.030052181,0.0016242228
284.0,-0.041175378666666665,0.10603792255786232,-0.11493328,0.08034322,-0.088936076
285.0,-0.041446872,0.07721071289565849,-0.077626154,0.047210388,-0.09392485
286.0,-0.0010571930000000025,0.17529518358193524,-0.020102039,0.18298277,-0.16605231
287.0,-0.058060776333333335,0.06174913453311902,-0.013902266000000002,-0.031658333,-0.12862173
288.0,-0.08966566433333334,0.10367859523841358,-0.15626681,0.029788647,-0.14251883
289.0,-0.02922242533333333,0.09626663347598681,-0.10451919,0.079243064,-0.06239115
290.0,-0.112167558,0.02686922029286022,-0.08151346400000001,-0.12334733,-0.13164188
291.0,-0.11106861166666666,0.032782858388068575,-0.074669465,-0.12026583,-0.13827054
292.0,-0.07072173699999999,0.09065063317950624,-0.09855892,0.030583099,-0.14418939
293.0,-0.10350538333333333,0.04901883322949694,-0.14044032,-0.04789355,-0.12218228
294.0,-0.11127184000000001,0.034086275973976676,-0.073037,-0.12229933,-0.13847919
295.0,-0.1456832855,0.18842347159565717,-0.012447771000000002,,-0.2789188
296.0,-0.117855385,0.172527386592571,0.004139899999999999,,-0.23985067
297.0,-0.166054512,0.13489941058115074,-0.070666224,,-0.2614428
298.0,-0.1841624,0.11757618822505177,-0.10102348,,-0.26730132
299.0,-0.21184237,0.1284644588580678,-0.12100428,,-0.30268046
300.0,-0.15272961,0.07017542491280335,-0.08192226,-0.15401101,-0.22225556
301.0,-0.12867051333333335,0.02609809996996971,-0.10297984,-0.1278739,-0.15515779999999998
302.0,-0.147470695,0.059348543617074756,-0.10690871,-0.119915575,-0.2155878
303.0,-0.11059161833333335,0.11079175416310123,-0.032404225,-0.06199346,-0.23737717
304.0,-0.13452468466666667,0.10143713859913413,-0.019341264,-0.21053046,-0.17370233
305.0,-0.16644831666666668,0.07387484340415236,-0.09519751,-0.16145372,-0.24269372
306.0,-0.13747238466666667,0.04870394287610876,-0.120106444,-0.09983158,-0.19247913
307.0,-0.105494151,0.051853684624066615,-0.1264758,-0.046437573,-0.14356908
308.0,-0.0632097215,0.08937637342286318,-0.019528188,-0.004074696500000001,-0.16602628
309.0,-0.137751445,0.058991380241049204,-0.09603824,,-0.17946465
310.0,-0.119247965,0.040008829999519484,-0.09095745,,-0.14753848
311.0,-0.087501334,0.143760134543501,0.014152432,,-0.1891551
312.0,-0.11931438899999999,0.08599012570345971,-0.058510188,,-0.18011859
313.0,-0.120166615,0.0041952716038476,-0.12313312,,-0.11720011
314.0,-0.1317558375,0.040013281236707034,-0.103462175,,-0.16004949999999998
315.0,-0.06256172900000001,0.09736582753085882,-0.11303364,0.049677353,-0.1243289
316.0,-0.04678925666666667,0.08722104866756036,-0.08118199,0.05238495,-0.11157073
317.0,-0.038939231666666664,0.1118020896860343,-0.08641814,0.08876667,-0.119166225
318.0,-0.05556898266666666,0.08512791976348423,-0.08611059,0.040616408,-0.121212766
319.0,-0.04814218833333333,0.07948032123245136,-0.03691406,0.025127005,-0.13263951
320.0,-0.014213987499999999,0.05049552125647086,-0.049919713,,0.021491738
321.0,-0.028612662,0.0032268888670126212,-0.030894417,,-0.026330907
322.0,-0.06343773,0.06728502012123704,-0.015860036,,-0.111015424
323.0,-0.156937933,0.050360055860651495,-0.121327996,,-0.19254787
324.0,-0.0637722225,0.0010419253776122836,-0.064508975,,-0.06303547
325.0,-0.0816998515,0.07257166790833242,-0.030383933,,-0.13301577
326.0,-0.04093591303,0.058945873634612754,0.00074511394,,-0.08261694
327.0,-0.0707970927,0.08934107122264132,-0.007623415400000002,,-0.13397077
328.0,-0.10299694700000003,0.05729000778640915,-0.06248679400000001,,-0.14350710000000005
329.0,0.0131440995,0.028090849965642917,0.03300733,,-0.006719131
330.0,-0.0490039675,0.09546021802638055,0.0184966,,-0.116504535
331.0,-0.061413851500000005,0.10929848299617796,0.015871846999999998,,-0.13869955
332.0,-0.11266608733333333,0.08622532413656721,-0.030684862,-0.104727,-0.2025864
333.0,-0.06758071233333333,0.09037602679693822,0.035089843,-0.13509913,-0.10273285
334.0,-0.05794151,0.028756420587395783,-0.07827537,,-0.03760765
335.0,-0.09195231333333333,0.02411626927373373,-0.09316701,-0.06725165,-0.11543828
336.0,-0.060481179,0.046395041903203205,-0.027066354,-0.11345272,-0.040924463
337.0,-0.0591857175,0.0028329108888456916,-0.057182547,,-0.061188888
338.0,-0.040106575,0.08589264600663421,-0.06541625,0.055597115,-0.11050059
339.0,-0.037418191999999996,0.09280846207106232,-0.084157646,0.06946787,-0.0975648
340.0,-0.06376762546666666,0.05118147823663737,-0.08065675,-0.0062760264,-0.1043701
341.0,-0.05018831233333334,0.059453613224203,-0.01336832,-0.018419147,-0.11877747
342.0,-0.08636407333333333,0.06076654957513321,-0.050712597000000005,-0.051851463,-0.15652816
343.0,-0.07048042683333333,0.07104601909245697,-0.07469952,0.0025811195,-0.13932288
344.0,-0.06591762379999999,0.07302309975489989,-0.055121895,0.0011066236,-0.1437376
345.0,-0.06329192486666667,0.07911999231207816,-0.04457022,0.0047881454,-0.15009370000000002
346.0,-0.018809087,0.06760111406530918,-0.09657328,0.014202887,0.025943132
347.0,-0.09657811233333334,0.039591043317801396,-0.11045599,-0.051916447,-0.1273619
348.0,-0.06827100133333334,0.08037054970375121,-0.115077436,0.024531737,-0.114267305
349.0,-0.04881211633333333,0.11014337508375663,-0.12527442,0.077434376,-0.098596305
350.0,-0.05156615933333333,0.0783791367656052,-0.07837535400000001,0.036699906,-0.11302303
351.0,-0.096593106,0.0630196497859029,-0.08100618400000001,-0.042829584,-0.16594355
352.0,-0.10345305333333334,0.03320217917963569,-0.07102735,-0.10195108,-0.13738073
353.0,-0.08742962333333333,0.0318190043631386,-0.09468165,-0.05261058,-0.11499664
354.0,-0.11248967666666666,0.025100844133097065,-0.12238403,-0.08394952,-0.13113548
355.0,-0.10782771433333332,0.04631257782542877,-0.1271,-0.054991003,-0.14139214
356.0,-0.09194310466666666,0.01762564294620328,-0.101962134,-0.10227561,-0.07159157
357.0,-0.09591211333333333,0.0743953300372366,-0.077255785,-0.032620575,-0.17785998
358.0,-0.07898328466666667,0.037820063505511266,-0.0409373,-0.116573304,-0.07943925
359.0,-0.09438136666666667,0.0700470022776081,-0.11270887,-0.01699255,-0.15344268
360.0,-0.040816523333333334,0.03888872507157966,-0.08526522,-0.013063345,-0.024121005
361.0,-0.110975506,0.054101654571794826,-0.14162675,-0.048507918,-0.14279185
362.0,-0.051386006000000005,0.09099249080646879,-0.045059968,0.03627839,-0.14537644
363.0,-0.02475920766666666,0.09771951366209324,-0.024555873,0.07285848,-0.12258023
364.0,-0.03793049766666667,0.0786606855249451,-0.04918505,0.045751277,-0.11035772
365.0,-0.07546454466666667,0.08029450421942479,-0.1297616,0.016769156,-0.11340119
366.0,-0.10959844666666667,0.03295526858674396,-0.14721344,-0.09577933,-0.08580257
367.0,-0.10249671133333334,0.0700617970759228,-0.14345868,-0.021598484,-0.14243297
368.0,-0.14681899,0.02642473939418704,-0.14419973,-0.17445582,-0.12180142
369.0,-0.10768906333333333,0.031236427290924827,-0.07881966,-0.14084895,-0.10339858
370.0,-0.032896196999999995,0.08794461777197839,0.06864908,-0.084489405,-0.08284826599999999
371.0,-0.08144086666666667,0.0692474902757568,-0.09988564,-0.00483853,-0.13959843
372.0,-0.047897823000000006,0.07919499329713954,-0.036109354,0.024742145,-0.13232626
373.0,-0.08535796533333333,0.02961896559426114,-0.07212873,-0.06465915,-0.119286016
374.0,-0.10263000633333334,0.044043730337636054,-0.098626316,-0.060724813,-0.14853889
375.0,-0.063178219,0.057001328925119575,-0.09556095,0.002638448,-0.096612155
376.0,-0.06978309266666667,0.014795814513775218,-0.055328388,-0.06912297,-0.08489792
377.0,-0.05315585933333333,0.01600080207046514,-0.046423208,-0.04162154,-0.07142283
378.0,-0.07179446900000001,0.046828944667919675,-0.06772722,-0.027131807,-0.12052438
379.0,-0.07596705,0.06323886692042086,-0.07169488,-0.01497259,-0.14123368
380.0,-0.08634954433333335,0.05400034423206167,-0.103512585,-0.025853578,-0.12968247
381.0,-0.017699399200000004,0.11525177234648484,-0.0048390776,0.09058282,-0.13884194
382.0,-0.048007434666666675,0.08920757144785338,-0.07366039,0.051216006,-0.12157792
383.0,-0.08590621333333333,0.06725540604472297,-0.098398805,-0.013280395,-0.14603944
384.0,-0.11067834500000001,0.04028300458092191,-0.15069234,-0.070131615,-0.11121108
385.0,-0.028120626666666666,0.0991643698004643,-0.10041818,0.08492659,-0.06887029
386.0,-0.112685785,0.04565130884046015,-0.064205095,-0.15484983,-0.11900243
387.0,-0.115374656,0.08717264736855677,-0.047607098,-0.2137157,-0.08480117
388.0,-0.10988410766666667,0.05181081747576461,-0.058325063,-0.16194308,-0.10938418
389.0,-0.07569971966666666,0.049323575070058946,-0.096077755,-0.019452404,-0.111569
390.0,0.066694888,0.09307557153295956,0.11927512,-0.04077128,0.121580824
391.0,0.009835188333333335,0.08672325257544257,-0.08918229999999999,0.046398845,0.07228902
392.0,-0.042539711333333334,0.08815833485041255,-0.11951524,-0.06174049,0.053636596
393.0,-0.04654148066666666,0.09416782538840092,-0.14895591,0.036304995,-0.026973527
394.0,-0.052971091666666664,0.06806681901862084,-0.13123211,-0.020125613,-0.007555551999999998
395.0,-0.09454335000000001,0.06725581839684949,-0.16814025,-0.07921505,-0.03627475
396.0,-0.10327420566666667,0.07536444518654413,-0.14957979999999998,-0.016311977,-0.14393084
397.0,-0.13165072333333336,0.047010839926826815,-0.16680937,-0.07825351,-0.14988929
398.0,-0.08716862400000001,0.03445148131692907,-0.08835068,-0.121013865,-0.052141327
399.0,-0.06064334233333333,0.01709397008635432,-0.05146228,-0.050101627,-0.08036612
400.0,-0.10289994333333334,0.07032723747480511,-0.1752243,-0.09871918,-0.03475635
401.0,0.020916817733333332,0.07005277680074451,-0.03390162,-0.0031870268,0.0998391
402.0,-0.06042718133333334,0.09142569107191396,-0.07386172,-0.14439228,0.036972456
403.0,-0.03912013466666667,0.10089556559148843,-0.14227018,-0.03444891,0.059358686
404.0,-0.11062546,0.0209244114417682,-0.11522736,-0.12886588,-0.08778314
405.0,-0.04865859,0.08801653859086996,-0.0817586,0.05110922,-0.11532639
406.0,-0.07306474166666667,0.069998430390923,-0.15328878,-0.041488413,-0.024417032
407.0,-0.053316368,0.1093488194659781,-0.15508556,0.062294095999999986,-0.06715764
408.0,-0.14289091333333334,0.08487435018286876,-0.18342341,-0.04534923,-0.1999001
409.0,-0.09679804633333333,0.09799598542823022,-0.16169365,0.015928231,-0.14462872
410.0,-0.115558342,0.08752734793809722,-0.12536116,-0.023542266000000003,-0.1977716
411.0,-0.08646945233333332,0.12396924142455792,-0.12074411,0.051031113,-0.18969536
412.0,-0.11559728333333334,0.16144444413259512,-0.16725338,-0.24489191,0.06535344
413.0,-0.041905726666666664,0.07608053756762259,-0.10237135,0.04351929,-0.06686512
414.0,-0.012286679600000001,0.013183146659062683,,-0.021608572000000003,-0.0029647872
415.0,0.025018329999999995,0.14021349268488534,-0.12505147,0.04743085,0.15267561
416.0,-0.005335904999999992,0.14393872634504876,-0.08118035,-0.095492065,0.16066470000000002
417.0,0.0800518985,0.19321024085039443,,-0.056568373,0.21667217
418.0,-0.122187442,0.06643010095665046,-0.11472434,-0.059804056,-0.19203393
419.0,-0.09952275416666667,0.08607255120584946,-0.1304351,-0.0022631325,-0.16587003
420.0,-0.07791153575000001,0.09393460226550528,,-0.0114897415,-0.14433333
421.0,-0.03885388000000001,0.25595026778883784,,-0.21983805,0.14213029
422.0,-0.12173269333333332,0.044367356691627835,-0.126237,-0.16367608,-0.075285
423.0,-0.10178982116666667,0.09315659244125168,-0.17296585,-0.136049,0.0036453865
424.0,-0.077352394,0.11718919716898975,-0.16021767,,0.005512881999999999
425.0,-0.11202485499999999,0.07061979368406883,-0.16196059,,-0.06208912
426.0,-0.024349809666666666,0.12439802561952493,-0.124436185,-0.06353614,0.114922896
427.0,0.01906123,0.11891656569733335,,-0.06502548,0.10314794
428.0,0.0788771665,0.09533034513809359,,0.011468433,0.1462859
429.0,0.01896751,0.12264922683172529,,-0.06775859,0.10569361
430.0,-0.00110261446666667,0.1314067080256299,-0.13034311,-0.005332883399999999,0.13236815
431.0,-0.07387171666666666,0.10208324611137781,-0.13358003,-0.13203561,0.04400049
432.0,0.1171354875,0.014886255909378717,,0.106609315,0.12766166
433.0,-0.023432283333333328,0.11653340269710197,-0.11481699,-0.06327741,0.10779755
434.0,-0.02438607666666667,0.12817726123663054,-0.14272772,-0.04219481,0.1117643
435.0,-0.11457408733333334,0.07924419588461278,-0.15456099999999998,-0.023303512,-0.16585775
436.0,-0.18151214999999998,0.048636572176963745,,-0.2159034,-0.14712089999999994
437.0,-0.160584345,0.02661752864032365,,-0.17940578,-0.14176291
438.0,-0.047311787000000015,0.08767568334054927,-0.06644505,-0.123840824,0.048350513
439.0,-0.09995975333333333,0.0314036214025267,-0.06502324,-0.12584035,-0.10901567
440.0,-0.049920981333333336,0.0721709275510849,-0.09438959,-0.08872396,0.033350606
441.0,-0.043949291,0.06237073667708594,-0.10707849,0.017634252,-0.042403635
442.0,-0.043826809999999994,0.08191594264395423,-0.09181821,-0.09042035,0.05075813
443.0,0.0027051606666666597,0.11214715724125138,-0.041350458,-0.08072466,0.1301906
444.0,-0.08023846333333333,0.15972837206924978,0.028628528,-0.26360658,-0.005737338000000001
445.0,-0.005361226000000001,0.06964630317672682,-0.010263018,-0.07242714,0.06660648
446.0,-0.024736986333333332,0.04191029300200406,-0.019022014,-0.0692115,0.014022555
447.0,-0.039666036,0.03511535291327507,-0.012060236,-0.07918912,-0.027748752
448.0,-0.059624779999999995,0.055442530264422446,-0.043399807,-0.12136969,-0.014104843
449.0,-0.14040896133333333,0.046274728350402514,-0.098775774,-0.13221937,-0.19023174
450.0,-0.11428931333333332,0.07805190943469438,-0.05229668,-0.2019406,-0.08863066
451.0,-0.09029396086666668,0.10588559057514216,-0.07482289,0.0070049874,-0.20306398
452.0,-0.093683596,0.08011163734489234,-0.07099691,-0.027361888,-0.18269199
453.0,-0.13205529566666666,0.10518983448008819,-0.09433533,-0.050926257,-0.2509043
454.0,-0.013609133333333329,0.16169743310945364,-0.0967814,-0.11679123,0.17274523
455.0,-0.06751448566666667,0.018461111714663622,-0.085448295,-0.048567775999999986,-0.068527386
456.0,-0.06991327266666666,0.01332806051400133,-0.07638417,-0.07877050000000001,-0.054585148
457.0,0.016707434433333335,0.022770717722500243,-0.0034013577,0.012091011,0.04143265
458.0,-0.06876715,0.028958536558319706,-0.055410367,-0.048897583,-0.1019935
459.0,-0.09130637666666667,0.03498906744123703,-0.12051396,-0.10087742,-0.05252775
460.0,-0.022626796666666667,0.1856523853931431,-0.09179875,0.18768123,-0.16376287
461.0,-0.05358986666666666,0.18478872208725736,-0.16937046,0.15951967,-0.15091881
462.0,-0.08841308866666665,0.08509462283338708,-0.049626578,-0.029621948,-0.18599074
463.0,-0.13348174533333332,0.028300181388478857,-0.101119876,-0.14573428,-0.15359108
464.0,-0.03515714033333333,0.10956026876087954,-0.052332547,0.081976436,-0.13511531
465.0,-0.09247555,0.0979801988482678,-0.15499649999999998,0.02044561,-0.14287576
466.0,-0.044406565,0.023911422894509538,-0.04799411,-0.018904075,-0.06632151
467.0,-0.08413113666666666,0.04295796271148846,-0.09302658,-0.03742185,-0.12194498
468.0,-0.12746118166666667,0.027243510793836908,-0.11806418,-0.106160045,-0.15815932
469.0,-0.030148971999999996,0.14467078625712973,-0.078926176,-0.14412664,0.1326059
470.0,-0.07819908666666665,0.04266699182389629,-0.12472093,-0.06898312,-0.04089321
471.0,-0.04019843866666667,0.027993467073704488,-0.05551141,-0.007888984,-0.057194922
472.0,-0.04376939666666666,0.05607203391806501,0.02001438,-0.06602825,-0.08529432
473.0,-0.03757843066666666,0.04598205275372283,-0.08343534,-0.037827704,0.008527752
474.0,-0.058251703666666675,0.08751919361539251,-0.114350006,0.042594045,-0.10299915
475.0,-0.047459586666666664,0.0944077940123731,-0.037245017000000005,0.041425567,-0.14655931
476.0,-0.10823586666666667,0.025216731082771882,-0.1024109,-0.08644135,-0.13585535
477.0,-0.07136310333333333,0.10730501997767733,-0.14469205,0.05179713,-0.12119439
478.0,-0.012089416666666663,0.09367365634579945,-0.11569035,0.01278729,0.06663481
479.0,0.0023555000000000013,0.0802560791793849,-0.08853182,0.06347269,0.03212563
480.0,-0.007245631333333332,0.08247374161888996,-0.09847489,0.062029827,0.014708168999999997
481.0,-0.07366173233333333,0.04694702208598151,-0.11208716,-0.08756454,-0.021333497000000003
482.0,-0.021438675999999997,0.04265558583582966,,-0.05160073,0.008723378
483.0,-0.05306143000000001,0.030225137940462738,,-0.07443383,-0.03168903
484.0,-0.036869423,0.08623274846126949,-0.081089854,-0.09202176,0.062503345
485.0,-0.029869956666666666,0.11177445553690984,-0.14488722,-0.02307425,0.07835160000000001
486.0,-0.025443778666666667,0.08148349899748947,-0.09313983,-0.048186336,0.06499483
487.0,-0.05124309133333333,0.05502588335586286,-0.07215737,-0.09274548,0.011173576
488.0,-0.053271481333333336,0.05627564460005789,-0.08291991,-0.08852397,0.011629436000000002
489.0,-0.04638276266666666,0.05887062028462483,-0.09049626,-0.06911719,0.020465162
490.0,0.0144092598,0.06500314112514716,-0.0063958876000000005,-0.037644293,0.08726796
491.0,-0.04882199733333333,0.10836303589742004,-0.079386026,-0.13862056,0.071540594
492.0,-0.09746079233333334,0.031266913547357764,-0.121167034,-0.062025253,-0.10919009
493.0,-0.091863067,0.005315620341770757,-0.091146156,-0.09750076,-0.086942285
494.0,-0.10161548333333335,0.02514019887116515,-0.07572347,-0.12592953,-0.10319345
495.0,-0.013387523333333337,0.15267671030212052,-0.06614508,-0.13268873,0.15867124
496.0,-0.07118938,0.12375198341622934,-0.08178145,-0.18930489,0.0575182
497.0,-0.04712286333333334,0.09981275522308976,-0.06480618,-0.13691214,0.06034973
498.0,-0.12703187999999999,0.044296884115987215,-0.0787123,-0.1657219,-0.13666144
499.0,-0.09744554166666668,0.03994823729063847,-0.05232173,-0.111716315,-0.12829858
500.0,-0.17230137999999998,0.05972423606950868,-0.14956129999999998,-0.24005538,-0.12728746
501.0,0.05163053833333333,0.24615543553838704,0.33533052,-0.105327025,-0.07511188
502.0,-0.08800775333333333,0.045289639123006195,-0.06006256,-0.06369914,-0.14026156
503.0,-0.1100869,0.04050974472004113,-0.06489563,-0.12222542,-0.14313965
504.0,-0.12052128666666666,0.03187276047371067,-0.08373116,-0.1380574,-0.1397753
505.0,-0.09330126999999999,0.031350594203753135,-0.09075245,-0.06330289,-0.12584847
506.0,-0.11694166466666667,0.02981900131825117,-0.083982974,-0.1420504,-0.12479162
507.0,-0.11910700499999999,0.11419203880990324,,-0.19985297,-0.03836104
508.0,-0.13826528,,,,-0.13826528
509.0,-0.11535147666666666,0.045117671883660324,-0.1068576,-0.1641124,-0.07508443
510.0,-0.12340437666666666,0.0230299616103682,-0.11638099,-0.10470384,-0.1491283
511.0,-0.07844928133333333,0.048979142205493,-0.0860842,-0.026101034,-0.12316261
512.0,-0.086995342,0.02465041838624586,-0.069564864,,-0.10442582
513.0,-0.07796990933333334,0.024445277450889393,-0.050215628,-0.09630199,-0.08739211
514.0,-0.06261829000000001,0.13535592616897385,0.08766949,-0.17492956,-0.1005948
515.0,-0.0863027,0.12291037220303705,0.03157481,-0.21369311,-0.0767898
516.0,-0.063989005,0.1328728939297138,0.07514366,-0.18956232,-0.077548355
517.0,-0.08260909633333334,0.05102528894050694,-0.054409284,-0.14151032,-0.051907685
518.0,-0.08991217000000001,0.0710585115613633,-0.13833317,-0.12306775,-0.00833559
519.0,-0.12180891,0.07561005830685029,-0.1509164,-0.17853943,-0.0359709
520.0,-0.06882062,0.1593900253817073,-0.13016434,-0.18842481,0.11212729
521.0,-0.11890549600000001,0.14080645062363484,-0.12756078,-0.25518465,0.026028942000000003
522.0,-0.10061943500000001,0.01303403565800133,-0.10983589,,-0.09140298
523.0,-0.04399781516666667,0.03258192075762378,-0.04131381,-0.07783872,-0.0128409155
524.0,-0.036098948,0.05736228910412494,-0.05466524,0.028246906,-0.08187851
525.0,-0.047731305233333333,0.04379020307842065,0.0023435503,-0.06668897,-0.07884849599999999
526.0,-0.08992614333333333,0.027476181894683507,-0.07680711,-0.07146849,-0.12150283
527.0,-0.12145523333333334,0.06063912842079306,-0.09639391,-0.1906079,-0.07736389
528.0,-0.055012001666666664,0.10416476019587194,-0.11141062,-0.118816465,0.06519108
529.0,-0.089394334,0.05396942876258793,-0.043248307,-0.14873865,-0.076196045
530.0,-0.09507293866666666,0.06422161188772223,-0.14998212,-0.11078259,-0.024454106
531.0,-0.10898727833333333,0.1133897715227031,-0.13865398,-0.20459466,0.016286805
532.0,-0.1369897516666667,0.037559921638511275,-0.124222755,-0.17926894,-0.10747756
533.0,-0.0007901613333333354,0.12032128254465968,-0.10487963,0.13094929,-0.028440144
534.0,-0.10496680733333334,0.06781179471307716,-0.13625874,-0.15148233,-0.027159352
535.0,-0.07434265133333333,0.05866835588442325,-0.084728405,-0.12712458,-0.011174969
536.0,-0.10703071666666668,0.023383594063796816,-0.10042374,-0.13300695,-0.08766146
537.0,-0.016761398666666667,0.007728710941276325,-0.010373466,-0.025352467000000004,-0.014558263
538.0,-0.02943289066666667,0.034355451651292904,-0.017609023,-0.002550859,-0.06813879
539.0,-0.08337270666666667,0.01267074785806005,-0.07044886,-0.0957742,-0.08389506
540.0,-0.011751701333333335,0.0386516594317184,-0.056305397,0.012800433,0.00824986
541.0,-0.09015412833333335,0.013113391352930347,-0.077111825,-0.10333747,-0.09001309
542.0,-0.016058779999999998,0.1418188644777665,0.06043172,-0.17970137,0.07109331
543.0,-0.13400202333333333,0.04307503358163094,-0.13657692,-0.17573185,-0.08969730000000001
544.0,-0.05480395786666667,0.0598509409193423,-0.11401586,-0.056062195,0.0056661814
545.0,-0.08552770433333333,0.06074933183611937,-0.14199178,-0.09334199,-0.021249343
546.0,-0.04515785633333333,0.07246633042218331,-0.100327164,-0.072058335,0.03691193
547.0,-0.060783483666666666,0.07248945519827917,-0.11633544,-0.08723117400000001,0.021216163
548.0,-0.10975172666666666,0.03205823731863206,-0.09514174,-0.08760096,-0.14651248
549.0,-0.06812023866666667,0.047672679978967646,-0.039144557,-0.042074244,-0.123141915
550.0,-0.03746726615333334,0.03300217402605577,-0.05245791,-0.0603134,0.00036951154
551.0,-0.09321379033333332,0.07571431454265534,-0.11655526,-0.15450907,-0.008577041
552.0,-0.05568552166666666,0.08617116146696495,-0.091445506,-0.118219376,0.042608317
553.0,-0.07175277866666667,0.07388124492746008,-0.07674837,-0.14300945,0.004499484000000001
554.0,-0.07502849866666667,0.07783711913277477,-0.11594026,-0.123878375,0.014733139
555.0,-0.07283525093333333,0.0721430496847425,-0.07896057,0.0021751672,-0.14172035
556.0,-0.12648841,0.013754219516933695,-0.11200161,-0.13936901,-0.12809461
557.0,-0.132064622,0.044374300295516686,-0.09550518,-0.119253606,-0.18143508
558.0,-0.17607795333333334,0.07465101970232581,-0.09655905,-0.2446529,-0.18702191
559.0,-0.13938947333333332,0.029214233664637407,-0.12614317,-0.17288032,-0.11914493
560.0,-0.11614036,0.024582395304198902,-0.10068023,-0.14448674,-0.10325411
561.0,-0.056020557000000006,0.026069351556164126,-0.027279776,-0.07814251,-0.062639385
562.0,-0.10103780666666667,0.0497000776236027,-0.11089142,-0.145073,-0.047149
563.0,-0.12722819999999999,0.08183377132071269,-0.09601377,-0.06559546,-0.22007537
564.0,-0.074403253,0.1034386891924709,-0.06002007,-0.1842808,0.021091111000000003
565.0,-0.091798904,0.06388213096142151,-0.023404192,-0.10206826,-0.14992426
566.0,-0.03059743766666667,0.04290794929132238,-0.040564086,-0.06764495400000001,0.016416727
567.0,-0.09168982166666667,0.019158582357896636,-0.10626382,-0.06998928,-0.098816365
568.0,-0.09816281333333333,0.011373122210432516,-0.10923937,-0.09873439,-0.08651468
569.0,-0.115213824,0.10232556471076731,-0.11429252,-0.21799693,-0.013352022
570.0,-0.09930816999999999,0.05696858240174755,-0.05101944,-0.16213804,-0.08476703
571.0,-0.09801862133333333,0.014615682496590447,-0.113358155,-0.096443295,-0.084254414
572.0,-0.15210621,0.052753544619510644,-0.09972152,-0.15137608,-0.20522103
573.0,-0.129749445,0.01780462769529104,-0.13838361,-0.14159074,-0.109273985
574.0,-0.12769951866666665,0.037193654241413625,-0.089817986,-0.12911573,-0.16416484
575.0,-0.06735099393333334,0.05526212390086451,-0.09316976,-0.0039050318,-0.10497819
576.0,-0.07643692166666667,0.09030942498327436,-0.10700305,0.025188925,-0.14749664
577.0,-0.0523800342,0.05358802398573834,0.007650673399999999,-0.069398776,-0.095392
578.0,-0.098185286,,,,-0.098185286
579.0,-0.115062921,0.05677939566618091,-0.14891766,-0.049511563,-0.14675954
580.0,-0.0850611715,0.034757902418582516,-0.10963872,,-0.060483623
581.0,-0.027138885446666667,0.09725680561450961,-0.13530304,0.053101804,0.0007845796600000001
582.0,-0.09237036766666666,0.06933908637605017,-0.10070354,-0.15716629,-0.019241273
583.0,-0.09635563600000001,0.06386767803194718,-0.026573118,-0.15190798,-0.11058581
584.0,-0.04491933333333333,0.09854824192792783,-0.13678943,0.059167843,-0.057136413
585.0,-0.114722559,0.06397640702915008,-0.110371545,-0.18076341,-0.053032722
586.0,-0.05321949166666667,0.04924141724678537,-0.10858077,-0.036766667,-0.014311038
587.0,-0.06581789133333334,0.04385335073363277,-0.090881914,-0.091390505,-0.015181255
588.0,-0.010219343666666667,0.07365229598602777,-0.09496796,0.038312458,0.025997471
589.0,-0.03669953943333334,0.04314349861868654,-0.08602935,-0.018058654,-0.006010614300000001
590.0,-0.06794385400000001,0.04066910829210284,-0.07762763,-0.102897,-0.023306932
591.0,-0.10134645166666667,0.06011813506794068,-0.08851868,-0.16684313,-0.048677545
592.0,-0.10954673666666666,0.05460296617896718,-0.15043508,-0.13066687,-0.04753826
593.0,-0.109174202,0.037213610498442254,-0.113566,-0.069959566,-0.14399704
594.0,-0.116299175,0.04909782500139951,-0.15101658,-0.08158177,
595.0,-0.11360799,0.016643540004313992,-0.10183923,-0.12537675,
596.0,-0.12531491,0.019810600566570413,-0.13932312,-0.1113067,
597.0,-0.06016809316666668,0.056508254496550864,-0.09617594,-0.08928910000000001,0.0049607605
598.0,-0.07560009100000001,0.04722523936179406,-0.092524365,-0.11203116,-0.022244748
599.0,-0.031184756333333338,0.10502602618413738,0.035910025,-0.15222034,0.022756046
600.0,-0.027253256133333334,0.10797639695931037,0.0017833076,-0.14677897,0.063235894
601.0,0.022899906999999997,0.06538029931267689,,-0.023330946,0.06913076
602.0,-0.067909026,0.07538080043813233,-0.112783134,-0.110063,0.019119056
603.0,-0.05763410333333333,0.08729255210178363,-0.10988486,-0.106157124,0.043139674
604.0,-0.07698954799999999,0.07532593827756713,-0.1328308,-0.10682109,0.008683246
605.0,-0.13246808666666665,0.06398455711621073,-0.14825243,-0.18708323,-0.0620686
606.0,-0.089027319,0.050710965654040964,-0.037696477,-0.1390948,-0.09029068
607.0,-0.144942292,0.05592265161746707,-0.12458676,-0.20819154,-0.102048576
608.0,-0.13116638,0.012140961122365884,-0.13600032,-0.1401458,-0.11735302
609.0,-0.08955590133333334,0.03426455518061317,-0.10604234,-0.050164524,-0.11246084
610.0,-0.1752511666666667,0.13986241009539424,-0.07175583,-0.33436750000000004,-0.11963017
611.0,-0.13423377666666667,0.02623838518559086,-0.11265916,-0.12659949999999998,-0.16344267
612.0,-0.10440753333333334,0.043380616936813304,-0.10448122,-0.06099012,-0.14775126
613.0,-0.16112618999999997,0.028010320433811537,-0.14394143,-0.19344811,-0.14598903
614.0,-0.1352747533333333,0.015714317932867247,-0.11779225,-0.14822449,-0.13980752
615.0,-0.135512962,0.044552583938592516,-0.106827736,-0.18683937,-0.11287178
616.0,-0.05324736033333333,0.07276019551882176,0.028692905,-0.078142956,-0.11029203
617.0,-0.07158021766666667,0.04105110312465033,-0.07622631,-0.028403733,-0.11011061
618.0,-0.07120929333333333,0.03214190450761332,-0.07811828,-0.03617472,-0.09933488
619.0,-0.101440654,0.04730812076328908,-0.13846214,-0.048143197,-0.117716625
620.0,-0.13387623466666665,0.03740486979467895,-0.11231464,-0.112246424,-0.17706764
621.0,-0.05643512066666667,0.08239607688823504,-0.11525953,-0.09178309,0.037737258
622.0,-0.07926358433333333,0.05727671949275382,-0.09539059,-0.12674792,-0.015652243
623.0,-0.103534362,0.059179614872470504,-0.09081972,-0.16803788,-0.051745485999999986
624.0,-0.07523129666666667,0.0547378238130285,-0.014161106,-0.119875014,-0.09165777
625.0,-0.04318982333333334,0.0832192057462828,0.047798786,-0.115446806,-0.06192145
626.0,-0.067753151,0.010718234226924368,-0.056672323,-0.07806766,-0.06851947
627.0,-0.08363964466666667,0.033938252252129084,-0.07791142,-0.12007749,-0.052930024000000006
628.0,-0.04260162666666667,0.00876074354683627,-0.03990255,-0.03550801,-0.05239432
629.0,-0.06604698166666667,0.03631180781956275,-0.10468054,-0.06084167,-0.032618735
630.0,-0.14415743,0.06344974901588894,-0.11606382,-0.09960447,-0.216804
631.0,-0.07002299599999999,0.03258331053044592,-0.09610668,-0.08046313,-0.033499178
632.0,-0.10450583833333332,0.026397650102367224,-0.074730575,-0.12504247,-0.11374447
633.0,-0.12175052666666665,0.014066019293067002,-0.1362106,-0.12092616,-0.10811482
634.0,-0.039376013333333335,0.13928389912101338,-0.09520811,-0.14208189,0.11916196
635.0,-0.05511307333333334,0.17929050110417794,-0.07737324,-0.22223407,0.13426809
636.0,-0.03859353,0.1263275573864642,-0.11620973,-0.10674545,0.10717459
637.0,0.050211210000000006,0.1348940111137696,,-0.04517326,0.14559568
638.0,-0.04419647666666667,0.09717336774235033,-0.15234134,-0.016031183,0.035783092999999995
639.0,-0.003464270499999998,0.08367012886048329,,-0.062627986,0.055699445
640.0,0.009127899999999998,0.06747020573037553,,-0.03858074,0.05683654
641.0,-0.20402592,,,,-0.20402592
642.0,-0.060808550499999996,0.10737762883929827,-0.136736,,0.015118899
643.0,-0.104846618,0.0754216866189807,-0.11963676,-0.17177765,-0.023125444
644.0,-0.09999754866666666,0.007928720017421814,-0.09410168,-0.096879706,-0.10901126
645.0,-0.04470945866666667,0.03358913912442469,-0.016634312,-0.0819218,-0.035572264
646.0,-0.05575340866666667,0.04093904417143563,-0.040114474,-0.024939042,-0.10220671
647.0,-0.025063710666666673,0.054596610985395144,-0.038418684,-0.07174373,0.034971282
648.0,-0.053724075333333336,0.08788171567916657,-0.117921755,0.046434954,-0.089685425
649.0,-0.04825048700000001,0.02297376395893971,-0.073921755,-0.04120565,-0.029624056
650.0,-0.13822147833333331,0.025597718162870656,-0.111255825,-0.16218683,-0.14122178
651.0,-0.07474210366666666,0.10644551477749566,-0.044635613,-0.19299829,0.013407592
652.0,-0.08368157100000001,0.2030163752089799,-0.058564443,-0.29808784,0.10560757
653.0,-0.07670852156666667,0.06957732117248602,-0.131856,-0.09973192,0.0014623553
654.0,-0.06758190266666668,0.024417055297317605,-0.07731473400000001,-0.08563156400000001,-0.03979941
655.0,-0.03257569400000001,0.054868839172712486,-0.06647788,-0.06197728,0.030728078
656.0,-0.05853060566666666,0.09045310124463332,-0.13090838,-0.08755565,0.042872213
657.0,-0.065441478,0.12330134699565279,-0.1370596,-0.13619862,0.07693378599999999
658.0,-0.06107934666666668,0.1549324754654118,-0.12980013,-0.16976497,0.11632706
659.0,-0.10677386999999999,0.11887137900192671,-0.09920098,-0.22925064,0.00813001
660.0,-0.15834347833333332,0.08640200624291,-0.13804859,-0.2530864,-0.083895445
661.0,-0.15299443666666668,0.024100617745863556,-0.13450685,-0.18025202,-0.14422444
662.0,-0.14663498,0.026590918110371824,-0.14338373,-0.17470203,-0.12181918
663.0,-0.12936534333333333,0.010216948855985983,-0.13207346,-0.13795541,-0.11806716
664.0,-0.084496825,0.06723154378441436,-0.029680025,-0.0642983,-0.15951215
665.0,-0.14163258166666667,0.04707090081333805,-0.10873592,-0.19555126,-0.120610565
666.0,-0.08225229366666667,0.053638020195720226,-0.038682226,-0.065915495,-0.14215916
667.0,-0.12055691466666667,0.0171587817260715,-0.11190876,-0.109443024,-0.14031896
668.0,-0.07162026,0.09306360853769158,0.03519351,-0.1148316,-0.13522269
669.0,-0.14318173333333334,0.06686359687454851,-0.07459916,-0.20818236,-0.14676368
670.0,-0.08943003866666667,0.10181939875657774,0.016348283999999998,-0.18676467,-0.09787373
671.0,-0.15210167466666666,0.07387001380942057,-0.103590414,-0.23711726,-0.11559735
672.0,-0.14024747866666668,0.06867808279307093,-0.07285122599999999,-0.21013936,-0.13775185
673.0,-0.11934472333333333,0.07271021065803092,-0.04148082,-0.18547381,-0.13107954
674.0,-0.12469243,0.06108173215996826,-0.05934042,-0.18034264,-0.13439423
675.0,-0.10986521233333331,0.05546929787204742,-0.046275247,-0.13502089999999994,-0.14829949
676.0,-0.06285117478333334,0.06891293948570072,-0.00038371235,-0.051395852,-0.13677396
677.0,-0.12393614000000001,0.003158931618316555,-0.12028852,-0.12575948,-0.12576042
678.0,-0.090705089,0.026860706538897165,-0.09659216,-0.061389137,-0.11413397
679.0,-0.16205908000000002,0.07178643912767717,-0.09399699,-0.2370652,-0.15511505
680.0,-0.10978316866666667,0.053284579174810276,-0.048399586,-0.13682966,-0.14412026
681.0,-0.15006371799999998,0.06707542556669299,-0.081335604,-0.21535426,-0.15350129
682.0,-0.080899043,0.07310322623870125,-0.13259083,-0.029207256,
683.0,-0.07540698900000001,0.026202012896708565,-0.09393461,-0.056879368,
684.0,-0.12339313700000001,0.23351814378433713,0.041729126,-0.28851540000000003,
685.0,-0.21074838499999998,0.2664522813426307,-0.02233817,-0.3991586,
686.0,-0.158186025,0.058900545303937984,-0.11653705,-0.199835,
687.0,-0.23928447,0.16050048312301368,-0.12579349,-0.35277545,
688.0,-0.190393435,0.12719014637235249,-0.10045642,-0.28033045,
689.0,-0.078689628,0.025389477908660665,-0.0966427,-0.060736556,
690.0,-0.1425035,0.1463160766559034,-0.03904241,-0.24596459,
691.0,-0.11542665566666666,0.1544449204480685,0.045556873,-0.26237488,-0.12946196
692.0,-0.16650850333333334,0.07205173748954449,-0.12674397,-0.2496801,-0.12310144
693.0,-0.12880411833333333,0.051513830162152656,-0.080731735,-0.18317938,-0.12250124
694.0,-0.17461963000000003,0.12425638485401828,-0.06105988,-0.30734545,-0.15545356
695.0,-0.12773137333333331,0.02586947291435667,-0.1159448,-0.10985415,-0.15739517
696.0,-0.065430249,0.06456954829433159,-0.097078234,-0.10807018,0.008857667
697.0,-0.10420758499999999,0.039524567036259554,-0.102132455,-0.14472884,-0.06576146
698.0,-0.10831601666666668,0.04242641785798365,-0.05952147,-0.12892910000000002,-0.13649748
699.0,-0.09258353466666669,0.038486929690548004,-0.09909341,-0.051256824000000006,-0.12740037
700.0,-0.07127862433333333,0.07102033456166919,-0.050109822000000005,-0.013249621,-0.15047643
701.0,-0.1054189505,0.11109891969664872,-0.026860151,-0.18397775,
702.0,-0.14683485805,0.2131406542263652,0.0038783439,-0.29754806,
703.0,-0.1754867165,0.1962291512282838,-0.036731753,-0.31424168,
704.0,-0.04320744,0.0929930552916765,0.02254858,-0.10896346,
705.0,-0.10402950499999997,0.0450607968241136,-0.13589229999999994,-0.07216671,
706.0,-0.15163991866666668,0.15037832266240078,-0.003104236,-0.30379552,-0.14802
707.0,-0.14941026883333333,0.17970110114381732,-0.0038879365,-0.35027266,-0.09407021
708.0,-0.15932486433333334,0.17504659531230282,-0.010329779,-0.35210875,-0.115536064
709.0,-0.16436806766666667,0.2192890012271667,0.023870397,-0.40515828,-0.11181632
710.0,-0.16671278666666667,0.09573313598087882,-0.10766481,-0.27716783,-0.11530572
711.0,-0.15103581233333332,0.13757073667507264,-0.031184997,-0.30125266,-0.12066978
712.0,-0.08455762066666667,0.09204643071200895,-0.033969376,-0.19080338,-0.028900106
713.0,-0.10359921499999998,0.11575298702223356,0.028603435,-0.18674749,-0.15265359
714.0,-0.09655575533333333,0.15553492604666588,-0.08939130599999999,-0.2555491,0.05527314
715.0,-0.108593002,0.05894981443041219,-0.048111225999999986,-0.16588101,-0.11178677
716.0,-0.067293838,0.03682437442437691,-0.042237658,-0.05007003,-0.109573826
717.0,-0.06126584833333334,0.028998773379007053,-0.05367553,-0.036817085,-0.09330493
718.0,-0.09028714333333333,0.09931658496932742,-0.00675242,-0.06400859,-0.20010042
719.0,-0.09450412433333333,0.055450490476543726,-0.038213003,-0.1490739,-0.09622547
720.0,-0.09614619666666667,0.02149673178009703,-0.07268198,-0.10086529,-0.11489132
721.0,-0.06629230200000001,0.1464515448846049,0.094569504,-0.19189692,-0.10154949
722.0,-0.070056244,0.1021544193163094,0.036657788,-0.1669404,-0.07988612
723.0,-0.10354896000000001,0.034879861201812426,-0.06491673,-0.11300263,-0.13272752
724.0,-0.08533023566666668,0.05055423698703865,-0.09712857,-0.029920157000000006,-0.12894198
725.0,0.012791987999999999,0.050124749074660545,0.050239407,-0.044151593,0.03228815
726.0,-0.08316523666666667,0.022006963523690255,-0.09299205,-0.0985467,-0.05795696
727.0,-0.07657301533333333,0.01602083637333848,-0.08977331,-0.058748726,-0.08119701
728.0,-0.07733011116666666,0.06031669267028827,-0.114477605,-0.10977745,-0.0077352785
729.0,-0.10526877833333333,0.05344380150398227,-0.14409311,-0.12739868,-0.044314545
730.0,-0.08905045856666667,0.07876000889162552,-0.1592749,-0.103983566,-0.0038929097
731.0,-0.09028591166666666,0.0715199157908352,-0.15370503,-0.10438694,-0.012765765
732.0,-0.084688959,0.027834173270054257,-0.056256857,-0.11188395,-0.08592607
733.0,-0.079837875,0.004195045329677622,,-0.08280422,-0.07687153
734.0,-0.07950491666666666,0.024430494712171368,-0.10045625,-0.08538866,-0.05266984
735.0,-0.05780700216666667,0.0395971011847202,-0.07760443,-0.08360110000000001,-0.0122154765
736.0,-0.07413520866666667,0.054605823952687184,-0.136054,-0.05348811,-0.032863516
737.0,-0.09345511150000001,0.10490224457404936,,-0.019278023,-0.1676322
738.0,-0.102458186,0.08977408037427531,-0.111126795,-0.18758352,-0.008664243
739.0,-0.07982139268666667,0.07547121904214558,-0.15013693,-0.08924724,-8.000806e-05
740.0,-0.08461213933333334,0.05810786795742862,-0.15106789999999998,-0.04336876,-0.059399758
741.0,-0.08510688300000001,0.10034097341979989,-0.11564207,-0.16663295,0.026954371
742.0,-0.101668341,0.06600625557873421,-0.10094446,-0.16803356,-0.036027002999999995
743.0,-0.16281176333333333,0.027244143634293845,-0.17242946,-0.18394262,-0.13206321
744.0,-0.191998635,0.017592399522920396,,-0.20443834,-0.17955893
745.0,-0.11945661,0.059406165106699146,-0.18142839,-0.11394063,-0.06300081
746.0,-0.11500212166666668,0.044219734410589906,-0.15573326,-0.121303305,-0.0679698
747.0,-0.13594061333333332,0.06610454368366998,-0.14730585,-0.19562568,-0.06489031
748.0,-0.134707969,0.07839145133232209,-0.16956942,-0.18962176,-0.044932727
749.0,-0.15151497333333333,0.04882650350442609,-0.13111536,-0.20723312,-0.11619644
750.0,-0.149652889,0.11821161939474455,-0.13839176,-0.2730921,-0.037474807
751.0,-0.13582433666666666,0.08444373562163704,-0.08758381,-0.23332977,-0.08655943
752.0,-0.15988277333333334,0.02873660218368262,-0.12683842,-0.17902131,-0.17378859
753.0,-0.07258305866666667,0.03844877417329173,-0.056504186,-0.11646117,-0.04478382
754.0,-0.061153724666666666,0.030251287269127333,-0.07340363,-0.08335888400000001,-0.02669866
755.0,-0.11991951333333332,0.026002071523124042,-0.14699456,-0.117620945,-0.095143035
756.0,-0.06918527133333333,0.09387498000552429,-0.1403176,0.037216306,-0.10445452
757.0,-0.11397937666666667,0.08178255267530009,-0.03707603,-0.19989464,-0.10496746
758.0,-0.14502747000000002,0.03305126178709218,-0.11952464,-0.1823673,-0.13319047
759.0,-0.10732786666666666,0.03920930055003065,-0.11860731,-0.13966116,-0.06371513
760.0,-0.09712936800000001,0.021100645959330058,-0.07510918400000001,-0.0991078,-0.11717112
761.0,-0.06521639066666668,0.08493220431621053,0.012833832,-0.15566719,-0.052815814
762.0,-0.06241536866666667,0.0022970390618588417,-0.06506762,-0.061065566,-0.06111292
763.0,-0.06876490266666667,0.03093538082539876,-0.04885317,-0.104404226,-0.053037312
764.0,-0.08872484600000001,0.052045984088398285,-0.14861627,-0.054472458,-0.06308581
765.0,-0.19033507166666672,0.18484645517368478,-0.39050138,-0.15442589,-0.026077945
766.0,-0.06788998633333333,0.06766264133672222,-0.12014231,-0.09206794,0.008540291
767.0,-0.051304863666666665,0.06387173444675588,0.010488469,-0.11706966,-0.0473334
768.0,-0.12112797333333335,0.041170512547853144,-0.14737868,-0.14232734,-0.0736779
769.0,-0.09260044,0.014386056810596156,-0.09521647,-0.10549897,-0.07708588
770.0,-0.10545433133333332,0.06612593004629383,-0.108480394,-0.17001528,-0.03786732
771.0,-0.031461567999999995,0.11055321956776162,-0.076498464,-0.11238766,0.09450142
772.0,-0.06265530856666666,0.08815740450607366,-0.032949906,-0.16182835,0.006812330300000001
773.0,-0.08058697733333334,0.06462068225746419,-0.017419297,-0.14656872,-0.077772915
774.0,-0.08502962166666667,0.013604415178412058,-0.09827165,-0.08572753,-0.071089685
775.0,-0.02921904146666667,0.10582007221665146,-0.0023094974,-0.14589588,0.060548253
776.0,-0.049406974666666666,0.06799727877392202,-0.0928814,-0.08429229,0.028952766
777.0,-0.052942542666666675,0.07793212558943526,-0.043071236,-0.13534002,0.019583628
778.0,-0.09511282666666666,0.05613589823999019,-0.11136778,-0.14132752,-0.03264318
779.0,-0.09101733000000001,0.040428527876967026,-0.07387300000000001,-0.13719295,-0.06198604
780.0,-0.014588711433333333,0.04725114064397326,0.004973884699999999,-0.06847952,0.019739501
781.0,-0.10458811666666668,0.03391974813285077,-0.11675328,-0.13074768,-0.06626339
782.0,-0.06731101400000002,0.05395786254355697,-0.12065810000000002,-0.0685125,-0.012762442
783.0,-0.10743631199999999,0.04400838517066778,-0.116202906,-0.14640158,-0.05970445
784.0,-0.10730844333333334,0.039422913811518724,-0.14451757,-0.06599316,-0.1114146
785.0,-0.09067948666666668,0.0117535222848699,-0.07749008,-0.10004456,-0.09450382
786.0,-0.14004553666666666,0.02215896796063465,-0.12275237,-0.13236026,-0.16502398
787.0,-0.10272142833333332,0.0866375199164404,-0.20198765,-0.06384577,-0.042330865
788.0,-0.114823833,0.003116696174659635,-0.112619996,,-0.11702767
789.0,-0.08574381833333333,0.02591354975781123,-0.110215485,-0.0884199,-0.05859607
790.0,-0.04014804799999999,0.0834999678795009,-0.13438699999999998,-0.010678206,0.024621062000000003
791.0,-0.10359292666666668,0.040438537656107616,-0.10419777,-0.06285536,-0.14372565
792.0,-0.09826519333333333,0.02627518142953599,-0.12555274,-0.07313545,-0.09610739
793.0,-0.10411685666666666,0.0302840721246604,-0.13901782,-0.08855505,-0.0847777
794.0,-0.07013515933333334,0.04055484244086767,-0.04691902,-0.046523158,-0.1169633
795.0,-0.11398993466666668,0.06137272398021637,-0.13653317,-0.16090305,-0.044533584
796.0,-0.11096457333333333,0.044373499321419686,-0.16078027,-0.09643963,-0.07567382
797.0,-0.09164364666666668,0.03228895391853742,-0.07705037,-0.06922743,-0.12865314
798.0,-0.13983398666666666,0.07299522327798261,-0.1101359,-0.22299716,-0.0863689
799.0,-0.11466639,0.05771373468470395,-0.16150007,-0.05019069,-0.13230841
800.0,-0.13840638333333333,0.026741658721009313,-0.16913801,-0.12043449,-0.12564665
801.0,-0.1853634366666667,0.04680065771476544,-0.13434449,-0.19544236,-0.22630346
802.0,-0.08125588633333333,0.08441325455125144,-0.12409587,-0.13565904,0.015987251
803.0,-0.07798142333333334,0.15185611944865912,-0.15503144,-0.17586665,0.09695382
804.0,-0.061866232,0.030781472585337564,-0.040100444,,-0.08363202
805.0,-0.09546384500000003,0.09970309860428025,-0.21046260000000006,-0.033255685,-0.04267325
806.0,-0.026452004333333334,0.054931717892748054,-0.055132013,-0.06110778,0.03688378
807.0,-0.11571090466666668,0.05789501460732613,-0.07638438,-0.18219191,-0.08855642400000001
808.0,-0.05938634036666667,0.09154975951248003,0.0016959049,-0.16464746,-0.015207466
809.0,-0.052626274,0.0688897346044552,-0.048013363,-0.123706535,0.013841076
810.0,-0.0536058,0.013727916898795938,-0.06855781400000001,-0.041570883,-0.050688703
811.0,-0.063364803,0.04416224326920201,-0.012387093,-0.08773181,-0.089975506
812.0,-0.10954355866666667,0.02575887087486922,-0.121399686,-0.1272395,-0.07999149
813.0,-0.09525593,0.05326703684927387,-0.15467156,-0.07932180000000001,-0.05177443
814.0,-0.07541293,0.015492610580847893,,-0.064458,-0.08636786
815.0,-0.11638584,0.01669460725605129,,-0.10458097,-0.12819071
816.0,-0.11926768333333333,0.03395820198494369,-0.1106157,-0.15671492,-0.09047243
817.0,-0.10590160233333334,0.06756540595251638,-0.049474467,-0.18077423,-0.08745611
818.0,-0.1500079533333333,0.010257094230299016,-0.15413332,-0.15756005,-0.13833049
819.0,-0.09622191333333334,0.04022461699787873,-0.08756739,-0.14006935,-0.061028999999999986
820.0,-0.11971750800000001,0.036245279754751676,-0.13184862,-0.14834125,-0.07896265400000001
821.0,-0.10669335000000002,0.08228296081928446,-0.05077785,-0.20117612,-0.06812608
822.0,-0.10322228666666666,0.036357247616521156,-0.10986379,-0.13580094,-0.06400213
823.0,-0.07905051646133333,0.07427248158823468,-0.08953759,-9.1869384e-05,-0.14752209
824.0,-0.13539983,0.02821026970546188,-0.16098966,-0.10514955,-0.14006028
825.0,-0.059490880333333336,0.08855380125703284,0.030631749,-0.1463877,-0.06271669
826.0,-0.03805326133333334,0.049572092565606164,-0.04856279,-0.0815279,0.015930906
827.0,-0.11412011466666666,0.10266724464536418,-0.108495146,-0.21948421,-0.014380988
828.0,-0.08989946566666668,0.031033499869122502,-0.10781239,-0.10782094,-0.054065067
829.0,-0.13387945199999998,0.03796419427073267,-0.103786126,-0.1765318,-0.12132043
830.0,-0.02833871166666667,0.08319303347672093,-0.02461857,0.052931845,-0.11332941
831.0,-0.05707979933333333,0.059170864613488625,-0.08807662,0.011149902,-0.09431268
832.0,-0.028785436666666664,0.11971790546567558,-0.10167372,0.10938309,-0.09406568
833.0,-0.06426748666666666,0.11575810683683123,-0.13526164,0.06931023,-0.12685105
834.0,-0.034819383333333336,0.09619635404411142,-0.05724852,0.07061004,-0.11781967
835.0,-0.068102265,0.06570817402198356,-0.09293564,0.006403405,-0.11777456
836.0,-0.066156721,0.05613568800013644,-0.02740689,-0.040531043,-0.13053223
837.0,-0.14034117666666668,0.034283609221115174,-0.14736967,-0.10308799,-0.17056587
838.0,-0.038691581333333336,0.10462058276144645,-0.045694474000000006,0.06925452,-0.13963479
839.0,-0.070897371,0.07497690187398505,0.015516292,-0.11869168,-0.109516725
840.0,-0.01944446333333333,0.13430464032660278,-0.02226409,0.11624779,-0.15231709
841.0,-0.018037341666666675,0.15773559058494488,-0.09472717,0.16337929999999998,-0.122764155
842.0,0.02932600999999999,0.2397848201018961,-0.13232978,0.30482623,-0.08451842
843.0,0.008820166666666665,0.22008069590203344,-0.1004895,0.2621558,-0.1352058
844.0,0.010866546666666666,0.1532763264241528,-0.03336853,0.18139593,-0.11542776
845.0,-0.033335113333333354,0.20692265197654808,-0.13669460000000005,0.20490453,-0.16821527
