,Task,Start,Finish,Resource
0,user01,2020-04-05 08:00:02.430000,2020-04-05 08:00:14.550000,Neutral
1,user01,2020-04-05 08:00:14.960000,2020-04-05 08:00:15.410000,Neutral
2,user01,2020-04-05 08:00:16.960000,2020-04-05 08:00:28.760000,Neutral
3,user01,2020-04-05 08:00:29.700000,2020-04-05 08:00:30.210000,Neutral
4,user01,2020-04-05 08:00:31.380000,2020-04-05 08:00:41.870000,Neutral
5,user01,2020-04-05 08:00:43.100000,2020-04-05 08:00:54.710000,Neutral
6,user01,2020-04-05 08:00:54.900000,2020-04-05 08:00:57.350000,Positive
7,user01,2020-04-05 08:00:57.920000,2020-04-05 08:01:12.820000,Neutral
8,user01,2020-04-05 08:01:14.190000,2020-04-05 08:01:29.580000,Negative
9,user01,2020-04-05 08:01:30.130000,2020-04-05 08:01:35.160000,Neutral
10,user01,2020-04-05 08:01:35.520000,2020-04-05 08:01:45.390000,Neutral
11,user01,2020-04-05 08:01:48,2020-04-05 08:01:57.080000,Positive
12,user01,2020-04-05 08:01:57.440000,2020-04-05 08:02:00.120000,Neutral
13,user01,2020-04-05 08:02:01.030000,2020-04-05 08:02:08.810000,Neutral
14,user01,2020-04-05 08:02:09,2020-04-05 08:02:21.790000,Positive
15,user01,2020-04-05 08:02:22.360000,2020-04-05 08:02:29.130000,Positive
16,user01,2020-04-05 08:02:29.790000,2020-04-05 08:02:30.230000,Neutral
17,user01,2020-04-05 08:02:31.260000,2020-04-05 08:02:49.720000,Neutral
18,user01,2020-04-05 08:02:50.090000,2020-04-05 08:02:59.350000,Neutral
19,user00,2020-04-05 08:02:59.960000,2020-04-05 08:03:01.530000,Negative
20,user00,2020-04-05 08:03:02.790000,2020-04-05 08:03:03.910000,Neutral
21,user00,2020-04-05 08:03:04.550000,2020-04-05 08:03:06.120000,Neutral
22,user00,2020-04-05 08:03:06.490000,2020-04-05 08:03:07.100000,Neutral
23,user00,2020-04-05 08:03:07.540000,2020-04-05 08:03:09.480000,Neutral
24,user00,2020-04-05 08:03:10.690000,2020-04-05 08:03:14.400000,Neutral
25,user00,2020-04-05 08:03:14.760000,2020-04-05 08:03:17.580000,Negative
26,user00,2020-04-05 08:03:18.540000,2020-04-05 08:03:19.050000,Neutral
27,user00,2020-04-05 08:03:19.430000,2020-04-05 08:03:20.330000,Neutral
28,user00,2020-04-05 08:03:20.720000,2020-04-05 08:03:24.190000,Neutral
29,user00,2020-04-05 08:03:24.600000,2020-04-05 08:03:27.690000,Neutral
30,user00,2020-04-05 08:03:28.550000,2020-04-05 08:03:32.280000,Neutral
31,user00,2020-04-05 08:03:32.920000,2020-04-05 08:03:34.840000,Neutral
32,user00,2020-04-05 08:03:36.290000,2020-04-05 08:03:36.850000,Neutral
33,user00,2020-04-05 08:03:37.410000,2020-04-05 08:03:38.330000,Neutral
34,user00,2020-04-05 08:03:39.970000,2020-04-05 08:03:42.080000,Positive
35,user00,2020-04-05 08:03:42.650000,2020-04-05 08:03:43.530000,Neutral
36,user00,2020-04-05 08:03:44.510000,2020-04-05 08:03:47.500000,Negative
37,user00,2020-04-05 08:03:47.720000,2020-04-05 08:03:48.240000,Neutral
38,user00,2020-04-05 08:03:48.680000,2020-04-05 08:03:51.280000,Neutral
39,user00,2020-04-05 08:03:52.040000,2020-04-05 08:03:53.200000,Neutral
40,user00,2020-04-05 08:03:53.450000,2020-04-05 08:03:55.340000,Neutral
41,user00,2020-04-05 08:03:55.920000,2020-04-05 08:03:59.330000,Neutral
42,user00,2020-04-05 08:03:59.920000,2020-04-05 08:04:01.990000,Negative
43,user00,2020-04-05 08:04:03.600000,2020-04-05 08:04:04.370000,Neutral
44,user00,2020-04-05 08:04:05.060000,2020-04-05 08:04:08.120000,Negative
45,user00,2020-04-05 08:04:08.810000,2020-04-05 08:04:10.280000,Neutral
46,user00,2020-04-05 08:04:11.210000,2020-04-05 08:04:12.320000,Neutral
47,user00,2020-04-05 08:04:13.500000,2020-04-05 08:04:13.920000,Neutral
48,user00,2020-04-05 08:04:14.820000,2020-04-05 08:04:16.290000,Negative
49,user00,2020-04-05 08:04:16.660000,2020-04-05 08:04:19.810000,Neutral
50,user00,2020-04-05 08:04:20.440000,2020-04-05 08:04:21.040000,Neutral
51,user00,2020-04-05 08:04:21.250000,2020-04-05 08:04:22.290000,Neutral
52,user00,2020-04-05 08:04:23.740000,2020-04-05 08:04:24.590000,Neutral
53,user00,2020-04-05 08:04:24.890000,2020-04-05 08:04:30.330000,Negative
54,user00,2020-04-05 08:04:30.920000,2020-04-05 08:04:31.200000,Neutral
55,user00,2020-04-05 08:04:31.760000,2020-04-05 08:04:32.770000,Neutral
56,user00,2020-04-05 08:04:33.450000,2020-04-05 08:04:35.290000,Neutral
57,user00,2020-04-05 08:04:36.300000,2020-04-05 08:04:38.610000,Neutral
58,user00,2020-04-05 08:04:39.120000,2020-04-05 08:04:41.830000,Neutral
59,user00,2020-04-05 08:04:43.150000,2020-04-05 08:04:45.580000,Negative
60,user00,2020-04-05 08:04:45.830000,2020-04-05 08:04:49.880000,Neutral
61,user00,2020-04-05 08:04:50.490000,2020-04-05 08:04:53.260000,Neutral
62,user00,2020-04-05 08:04:53.850000,2020-04-05 08:04:56.750000,Neutral
63,user00,2020-04-05 08:04:58.470000,2020-04-05 08:05:01.700000,Neutral
64,user00,2020-04-05 08:05:01.970000,2020-04-05 08:05:02.590000,Neutral
65,user00,2020-04-05 08:05:03.400000,2020-04-05 08:05:03.960000,Neutral
66,user00,2020-04-05 08:05:04.630000,2020-04-05 08:05:06.830000,Neutral
67,user00,2020-04-05 08:05:07.320000,2020-04-05 08:05:09.590000,Neutral
68,user00,2020-04-05 08:05:10.350000,2020-04-05 08:05:13.070000,Neutral
69,user00,2020-04-05 08:05:14.590000,2020-04-05 08:05:15.090000,Neutral
70,user00,2020-04-05 08:05:15.210000,2020-04-05 08:05:16.920000,Neutral
71,user01,2020-04-05 08:05:17.310000,2020-04-05 08:05:21.320000,Negative
72,user01,2020-04-05 08:05:23.550000,2020-04-05 08:05:23.940000,Neutral
73,user01,2020-04-05 08:05:24.410000,2020-04-05 08:05:24.850000,Neutral
74,user00,2020-04-05 08:05:24.850000,2020-04-05 08:05:30.770000,Neutral
75,user00,2020-04-05 08:05:31.770000,2020-04-05 08:05:32.480000,Neutral
76,user00,2020-04-05 08:05:34.150000,2020-04-05 08:05:39.500000,Neutral
77,user00,2020-04-05 08:05:40.370000,2020-04-05 08:05:41.820000,Neutral
78,user00,2020-04-05 08:05:42.360000,2020-04-05 08:05:44.740000,Neutral
79,user00,2020-04-05 08:05:45.940000,2020-04-05 08:05:51.040000,Neutral
80,user00,2020-04-05 08:05:51.140000,2020-04-05 08:05:53.640000,Neutral
81,user00,2020-04-05 08:05:54.300000,2020-04-05 08:05:57.970000,Neutral
82,user01,2020-04-05 08:05:58.280000,2020-04-05 08:06:08.930000,Neutral
83,user01,2020-04-05 08:06:09.380000,2020-04-05 08:06:15.120000,Neutral
84,user01,2020-04-05 08:06:16.110000,2020-04-05 08:06:16.540000,Neutral
85,user01,2020-04-05 08:06:17.310000,2020-04-05 08:06:20.060000,Positive
86,user01,2020-04-05 08:06:20.590000,2020-04-05 08:06:29.990000,Negative
87,user01,2020-04-05 08:06:30.120000,2020-04-05 08:06:33.060000,Neutral
88,user01,2020-04-05 08:06:33.550000,2020-04-05 08:06:37.680000,Negative
89,user01,2020-04-05 08:06:38.050000,2020-04-05 08:06:39.860000,Neutral
90,user01,2020-04-05 08:06:41.140000,2020-04-05 08:06:43.500000,Neutral
91,user01,2020-04-05 08:06:44.040000,2020-04-05 08:06:46.710000,Neutral
92,user01,2020-04-05 08:06:47.220000,2020-04-05 08:06:48.450000,Neutral
93,user01,2020-04-05 08:06:48.900000,2020-04-05 08:06:51,Positive
94,user01,2020-04-05 08:06:51.570000,2020-04-05 08:06:52.500000,Neutral
95,user01,2020-04-05 08:06:52.770000,2020-04-05 08:06:53.320000,Positive
96,user01,2020-04-05 08:06:53.800000,2020-04-05 08:07:18.720000,Neutral
97,user11,2020-04-05 08:07:19.430000,2020-04-05 08:07:21.490000,Neutral
98,user11,2020-04-05 08:07:22.160000,2020-04-05 08:07:23.500000,Neutral
99,user11,2020-04-05 08:07:24.590000,2020-04-05 08:07:27.020000,Neutral
100,user11,2020-04-05 08:07:27.500000,2020-04-05 08:07:31.290000,Neutral
101,user11,2020-04-05 08:07:32.140000,2020-04-05 08:07:32.460000,Neutral
102,user11,2020-04-05 08:07:32.830000,2020-04-05 08:07:34.280000,Neutral
103,user11,2020-04-05 08:07:35.020000,2020-04-05 08:07:36.190000,Neutral
104,user11,2020-04-05 08:07:37.770000,2020-04-05 08:07:39.710000,Neutral
105,user11,2020-04-05 08:07:39.850000,2020-04-05 08:07:40.520000,Neutral
106,user00,2020-04-05 08:07:40.340000,2020-04-05 08:07:41.570000,Neutral
107,user00,2020-04-05 08:07:41.810000,2020-04-05 08:07:42.970000,Neutral
108,user00,2020-04-05 08:07:43.380000,2020-04-05 08:07:46.260000,Neutral
109,user11,2020-04-05 08:07:46.870000,2020-04-05 08:07:47.170000,Neutral
110,user00,2020-04-05 08:07:48.080000,2020-04-05 08:07:49.450000,Neutral
111,user00,2020-04-05 08:07:50.820000,2020-04-05 08:07:51.150000,Neutral
112,user00,2020-04-05 08:07:51.440000,2020-04-05 08:07:59.420000,Neutral
113,user11,2020-04-05 08:08:00.540000,2020-04-05 08:08:01.800000,Neutral
114,user11,2020-04-05 08:08:02.220000,2020-04-05 08:08:02.490000,Negative
115,user11,2020-04-05 08:08:02.920000,2020-04-05 08:08:05.090000,Neutral
116,user11,2020-04-05 08:08:05.790000,2020-04-05 08:08:07.440000,Neutral
117,user11,2020-04-05 08:08:08.110000,2020-04-05 08:08:08.810000,Neutral
118,user11,2020-04-05 08:08:09.360000,2020-04-05 08:08:14.590000,Neutral
119,user11,2020-04-05 08:08:15.340000,2020-04-05 08:08:18.960000,Neutral
120,user11,2020-04-05 08:08:19.940000,2020-04-05 08:08:20.690000,Neutral
121,user11,2020-04-05 08:08:20.910000,2020-04-05 08:08:21.380000,Neutral
122,user11,2020-04-05 08:08:21.580000,2020-04-05 08:08:27.390000,Neutral
123,user12,2020-04-05 08:08:31.220000,2020-04-05 08:08:31.760000,Neutral
124,user12,2020-04-05 08:08:32.300000,2020-04-05 08:08:33.900000,Neutral
125,user12,2020-04-05 08:08:34.030000,2020-04-05 08:08:34.370000,Neutral
126,user12,2020-04-05 08:08:34.610000,2020-04-05 08:08:35.320000,Neutral
127,user00,2020-04-05 08:08:34.690000,2020-04-05 08:08:35.160000,Neutral
128,user00,2020-04-05 08:08:35.700000,2020-04-05 08:08:38.660000,Neutral
129,user02,2020-04-05 08:08:39.590000,2020-04-05 08:08:41.190000,Positive
130,user02,2020-04-05 08:08:41.680000,2020-04-05 08:08:44.680000,Neutral
131,user02,2020-04-05 08:08:45.090000,2020-04-05 08:08:46.860000,Neutral
132,user01,2020-04-05 08:08:45.540000,2020-04-05 08:08:46.100000,Neutral
133,user01,2020-04-05 08:08:49.900000,2020-04-05 08:08:51.350000,Positive
134,user01,2020-04-05 08:08:52.650000,2020-04-05 08:08:55.040000,Positive
135,user01,2020-04-05 08:08:55.250000,2020-04-05 08:08:58.870000,Neutral
136,user01,2020-04-05 08:08:59.410000,2020-04-05 08:09:01.050000,Positive
137,user01,2020-04-05 08:09:02,2020-04-05 08:09:02.600000,Neutral
138,user01,2020-04-05 08:09:03.060000,2020-04-05 08:09:05.240000,Neutral
139,user00,2020-04-05 08:09:06.060000,2020-04-05 08:09:10.420000,Negative
140,user12,2020-04-05 08:09:11.140000,2020-04-05 08:09:17.670000,Neutral
141,user00,2020-04-05 08:09:11.720000,2020-04-05 08:09:12.930000,Neutral
142,user02,2020-04-05 08:09:18.010000,2020-04-05 08:09:21.690000,Neutral
143,user02,2020-04-05 08:09:21.940000,2020-04-05 08:09:33.940000,Neutral
144,user10,2020-04-05 08:09:23.950000,2020-04-05 08:09:24.200000,Neutral
145,user00,2020-04-05 08:09:34.190000,2020-04-05 08:09:34.410000,Neutral
146,user02,2020-04-05 08:09:34.410000,2020-04-05 08:09:35.910000,Neutral
147,user00,2020-04-05 08:09:34.530000,2020-04-05 08:09:34.730000,Neutral
148,user00,2020-04-05 08:09:36.120000,2020-04-05 08:09:36.930000,Neutral
149,user02,2020-04-05 08:09:36.610000,2020-04-05 08:09:36.980000,Neutral
150,user00,2020-04-05 08:09:37.230000,2020-04-05 08:09:37.670000,Neutral
151,user02,2020-04-05 08:09:37.450000,2020-04-05 08:09:39.420000,Neutral
152,user02,2020-04-05 08:09:39.780000,2020-04-05 08:09:42.120000,Negative
153,user02,2020-04-05 08:09:42.260000,2020-04-05 08:09:46.430000,Neutral
154,user00,2020-04-05 08:09:45.080000,2020-04-05 08:09:45.380000,Neutral
155,user00,2020-04-05 08:09:47.170000,2020-04-05 08:09:54.020000,Neutral
156,user00,2020-04-05 08:09:54.610000,2020-04-05 08:09:58.290000,Neutral
157,user00,2020-04-05 08:09:58.730000,2020-04-05 08:10:02.320000,Negative
158,user00,2020-04-05 08:10:02.580000,2020-04-05 08:10:02.980000,Neutral
159,user00,2020-04-05 08:10:03.640000,2020-04-05 08:10:06.680000,Neutral
160,user00,2020-04-05 08:10:07.120000,2020-04-05 08:10:08.520000,Neutral
161,user00,2020-04-05 08:10:08.800000,2020-04-05 08:10:11.340000,Neutral
162,user00,2020-04-05 08:10:12.060000,2020-04-05 08:10:16.480000,Neutral
163,user02,2020-04-05 08:10:16.480000,2020-04-05 08:10:24.920000,Negative
164,user00,2020-04-05 08:10:18.410000,2020-04-05 08:10:18.840000,Neutral
165,user00,2020-04-05 08:10:22.030000,2020-04-05 08:10:24.180000,Neutral
166,user00,2020-04-05 08:10:25.310000,2020-04-05 08:10:28.160000,Neutral
167,user00,2020-04-05 08:10:28.870000,2020-04-05 08:10:31.150000,Positive
168,user00,2020-04-05 08:10:31.470000,2020-04-05 08:10:37.170000,Neutral
169,user00,2020-04-05 08:10:37.540000,2020-04-05 08:10:39.720000,Neutral
170,user00,2020-04-05 08:10:40.380000,2020-04-05 08:10:41.690000,Neutral
171,user00,2020-04-05 08:10:41.960000,2020-04-05 08:10:42.960000,Neutral
172,user00,2020-04-05 08:10:43.500000,2020-04-05 08:10:44.490000,Neutral
173,user00,2020-04-05 08:10:44.800000,2020-04-05 08:10:46.060000,Neutral
174,user00,2020-04-05 08:10:46.540000,2020-04-05 08:10:48.600000,Neutral
175,user10,2020-04-05 08:10:47.870000,2020-04-05 08:11:02.530000,Negative
176,user10,2020-04-05 08:11:03.460000,2020-04-05 08:11:17.080000,Negative
177,user01,2020-04-05 08:11:17.620000,2020-04-05 08:11:26.130000,Neutral
178,user01,2020-04-05 08:11:26.780000,2020-04-05 08:11:32.810000,Neutral
179,user01,2020-04-05 08:11:33.770000,2020-04-05 08:11:34.280000,Neutral
180,user01,2020-04-05 08:11:34.660000,2020-04-05 08:11:39.030000,Neutral
181,user01,2020-04-05 08:11:39.740000,2020-04-05 08:11:40.450000,Neutral
182,user01,2020-04-05 08:11:40.810000,2020-04-05 08:11:41.460000,Neutral
183,user01,2020-04-05 08:11:41.990000,2020-04-05 08:12:00.310000,Negative
184,user01,2020-04-05 08:12:00.650000,2020-04-05 08:12:05.140000,Positive
185,user01,2020-04-05 08:12:06.090000,2020-04-05 08:12:11.520000,Negative
186,user01,2020-04-05 08:12:12.010000,2020-04-05 08:12:33.760000,Neutral
187,user01,2020-04-05 08:12:34.620000,2020-04-05 08:12:35.140000,Neutral
188,user01,2020-04-05 08:12:35.480000,2020-04-05 08:12:37.170000,Neutral
189,user01,2020-04-05 08:12:39.230000,2020-04-05 08:12:40.780000,Negative
190,user01,2020-04-05 08:12:42.050000,2020-04-05 08:12:49.640000,Neutral
191,user01,2020-04-05 08:12:50.330000,2020-04-05 08:12:51.730000,Neutral
192,user01,2020-04-05 08:12:52.390000,2020-04-05 08:12:52.760000,Neutral
193,user01,2020-04-05 08:12:54.350000,2020-04-05 08:13:03.460000,Negative
194,user01,2020-04-05 08:13:03.760000,2020-04-05 08:13:04.440000,Negative
195,user01,2020-04-05 08:13:05.320000,2020-04-05 08:13:08.810000,Neutral
196,user01,2020-04-05 08:13:09.430000,2020-04-05 08:13:13.320000,Neutral
197,user01,2020-04-05 08:13:13.910000,2020-04-05 08:13:24.760000,Neutral
198,user01,2020-04-05 08:13:25.080000,2020-04-05 08:13:32.650000,Neutral
199,user01,2020-04-05 08:13:33.970000,2020-04-05 08:13:37.950000,Positive
200,user11,2020-04-05 08:13:39.150000,2020-04-05 08:13:41.360000,Neutral
201,user12,2020-04-05 08:13:41.970000,2020-04-05 08:13:42.760000,Positive
202,user00,2020-04-05 08:13:42.750000,2020-04-05 08:13:44.160000,Neutral
203,user00,2020-04-05 08:13:44.870000,2020-04-05 08:13:52.820000,Neutral
204,user00,2020-04-05 08:13:53.820000,2020-04-05 08:13:55.990000,Neutral
205,user00,2020-04-05 08:13:56.380000,2020-04-05 08:14:01.700000,Positive
206,user00,2020-04-05 08:14:02.340000,2020-04-05 08:14:03.400000,Neutral
207,user00,2020-04-05 08:14:05.540000,2020-04-05 08:14:05.950000,Neutral
208,user12,2020-04-05 08:14:06.510000,2020-04-05 08:14:11.750000,Neutral
209,user00,2020-04-05 08:14:07.010000,2020-04-05 08:14:07.470000,Neutral
210,user12,2020-04-05 08:14:12.280000,2020-04-05 08:14:13.800000,Neutral
211,user01,2020-04-05 08:14:12.480000,2020-04-05 08:14:13.040000,Neutral
212,user01,2020-04-05 08:14:15.360000,2020-04-05 08:14:16.170000,Neutral
213,user01,2020-04-05 08:14:17.040000,2020-04-05 08:14:25.660000,Negative
214,user01,2020-04-05 08:14:25.980000,2020-04-05 08:14:29.340000,Positive
215,user01,2020-04-05 08:14:30.030000,2020-04-05 08:14:32.710000,Neutral
216,user01,2020-04-05 08:14:33.510000,2020-04-05 08:14:37.440000,Negative
217,user01,2020-04-05 08:14:38.670000,2020-04-05 08:14:39.230000,Neutral
218,user01,2020-04-05 08:14:40.420000,2020-04-05 08:14:41.590000,Neutral
219,user01,2020-04-05 08:14:42.230000,2020-04-05 08:14:42.960000,Neutral
220,user01,2020-04-05 08:14:43.410000,2020-04-05 08:14:43.930000,Neutral
221,user01,2020-04-05 08:14:45.470000,2020-04-05 08:14:47.140000,Negative
222,user01,2020-04-05 08:14:48.030000,2020-04-05 08:14:50.350000,Neutral
223,user01,2020-04-05 08:14:50.500000,2020-04-05 08:14:51.970000,Neutral
224,user01,2020-04-05 08:14:52.120000,2020-04-05 08:14:56.400000,Neutral
225,user01,2020-04-05 08:14:57.540000,2020-04-05 08:15:00.780000,Neutral
226,user01,2020-04-05 08:15:01.820000,2020-04-05 08:15:02.450000,Neutral
227,user01,2020-04-05 08:15:02.600000,2020-04-05 08:15:05.380000,Neutral
228,user01,2020-04-05 08:15:06.240000,2020-04-05 08:15:07.140000,Neutral
229,user01,2020-04-05 08:15:07.510000,2020-04-05 08:15:08.420000,Neutral
230,user01,2020-04-05 08:15:09.010000,2020-04-05 08:15:14.780000,Negative
231,user01,2020-04-05 08:15:15.240000,2020-04-05 08:15:30.050000,Negative
232,user01,2020-04-05 08:15:30.540000,2020-04-05 08:15:31.440000,Negative
233,user01,2020-04-05 08:15:31.940000,2020-04-05 08:15:43.050000,Neutral
234,user01,2020-04-05 08:15:43.350000,2020-04-05 08:15:52.290000,Neutral
235,user01,2020-04-05 08:15:52.950000,2020-04-05 08:16:03.740000,Negative
236,user00,2020-04-05 08:16:04.710000,2020-04-05 08:16:13.460000,Neutral
237,user00,2020-04-05 08:16:14.060000,2020-04-05 08:16:19.780000,Neutral
238,user00,2020-04-05 08:16:20.070000,2020-04-05 08:16:20.730000,Neutral
239,user00,2020-04-05 08:16:21.200000,2020-04-05 08:16:22.350000,Neutral
240,user01,2020-04-05 08:16:22.870000,2020-04-05 08:16:32.270000,Negative
241,user01,2020-04-05 08:16:33.450000,2020-04-05 08:16:34.840000,Positive
242,user01,2020-04-05 08:16:35.700000,2020-04-05 08:16:36.570000,Neutral
243,user01,2020-04-05 08:16:37.130000,2020-04-05 08:16:44.810000,Neutral
244,user01,2020-04-05 08:16:44.980000,2020-04-05 08:16:49.210000,Neutral
245,user01,2020-04-05 08:16:49.500000,2020-04-05 08:16:49.970000,Neutral
246,user01,2020-04-05 08:16:50.680000,2020-04-05 08:16:55.320000,Positive
247,user01,2020-04-05 08:16:56.100000,2020-04-05 08:17:00.130000,Neutral
248,user01,2020-04-05 08:17:02.530000,2020-04-05 08:17:03.460000,Neutral
249,user01,2020-04-05 08:17:05.230000,2020-04-05 08:17:05.550000,Neutral
250,user01,2020-04-05 08:17:06.110000,2020-04-05 08:17:07.590000,Neutral
251,user01,2020-04-05 08:17:08.030000,2020-04-05 08:17:09.940000,Neutral
252,user01,2020-04-05 08:17:11.100000,2020-04-05 08:17:11.390000,Neutral
253,user01,2020-04-05 08:17:11.660000,2020-04-05 08:17:12.330000,Neutral
254,user01,2020-04-05 08:17:14.560000,2020-04-05 08:17:16.130000,Neutral
255,user12,2020-04-05 08:17:18.540000,2020-04-05 08:17:19.960000,Neutral
256,user01,2020-04-05 08:17:21.190000,2020-04-05 08:17:22.510000,Neutral
257,user01,2020-04-05 08:17:24.150000,2020-04-05 08:17:26.220000,Neutral
258,user01,2020-04-05 08:17:26.860000,2020-04-05 08:17:35.110000,Negative
259,user01,2020-04-05 08:17:36.190000,2020-04-05 08:17:36.550000,Positive
260,user01,2020-04-05 08:17:37.430000,2020-04-05 08:17:43.840000,Neutral
261,user01,2020-04-05 08:17:44.500000,2020-04-05 08:17:46.890000,Neutral
262,user01,2020-04-05 08:17:47.350000,2020-04-05 08:17:54.490000,Neutral
263,user01,2020-04-05 08:17:55.500000,2020-04-05 08:17:59.480000,Neutral
264,user01,2020-04-05 08:18:00.160000,2020-04-05 08:18:06.470000,Neutral
265,user01,2020-04-05 08:18:07.130000,2020-04-05 08:18:08.900000,Neutral
266,user01,2020-04-05 08:18:10.370000,2020-04-05 08:18:13.710000,Neutral
267,user01,2020-04-05 08:18:14.480000,2020-04-05 08:18:16.120000,Neutral
268,user01,2020-04-05 08:18:17.450000,2020-04-05 08:18:25.760000,Positive
269,user01,2020-04-05 08:18:26.920000,2020-04-05 08:18:27.480000,Neutral
270,user02,2020-04-05 08:18:27.210000,2020-04-05 08:18:34.260000,Neutral
271,user02,2020-04-05 08:18:34.580000,2020-04-05 08:18:34.830000,Neutral
272,user01,2020-04-05 08:18:35.120000,2020-04-05 08:18:40.230000,Neutral
273,user01,2020-04-05 08:18:40.690000,2020-04-05 08:18:42.580000,Neutral
274,user01,2020-04-05 08:18:43.200000,2020-04-05 08:18:44.620000,Neutral
275,user01,2020-04-05 08:18:45.960000,2020-04-05 08:18:46.340000,Neutral
276,user01,2020-04-05 08:18:48.010000,2020-04-05 08:18:48.770000,Neutral
277,user01,2020-04-05 08:18:49.090000,2020-04-05 08:18:49.570000,Neutral
278,user01,2020-04-05 08:18:50.920000,2020-04-05 08:18:54.660000,Neutral
279,user00,2020-04-05 08:18:55.220000,2020-04-05 08:18:56.790000,Neutral
280,user00,2020-04-05 08:18:57.180000,2020-04-05 08:18:57.550000,Neutral
281,user00,2020-04-05 08:18:58.970000,2020-04-05 08:19:01.720000,Neutral
282,user00,2020-04-05 08:19:02.320000,2020-04-05 08:19:05.720000,Neutral
283,user00,2020-04-05 08:19:06.640000,2020-04-05 08:19:07.290000,Neutral
284,user00,2020-04-05 08:19:07.720000,2020-04-05 08:19:08.250000,Neutral
285,user00,2020-04-05 08:19:09.070000,2020-04-05 08:19:10.050000,Neutral
286,user00,2020-04-05 08:19:10.960000,2020-04-05 08:19:14.560000,Negative
287,user00,2020-04-05 08:19:15.170000,2020-04-05 08:19:16.530000,Neutral
288,user00,2020-04-05 08:19:16.870000,2020-04-05 08:19:19.910000,Neutral
289,user00,2020-04-05 08:19:20.360000,2020-04-05 08:19:22.910000,Neutral
290,user00,2020-04-05 08:19:23.870000,2020-04-05 08:19:25.340000,Neutral
291,user00,2020-04-05 08:19:26.240000,2020-04-05 08:19:26.620000,Neutral
292,user00,2020-04-05 08:19:27.050000,2020-04-05 08:19:27.750000,Neutral
293,user00,2020-04-05 08:19:28.230000,2020-04-05 08:19:29.270000,Neutral
294,user00,2020-04-05 08:19:30.540000,2020-04-05 08:19:32.900000,Neutral
295,user00,2020-04-05 08:19:33.560000,2020-04-05 08:19:36.650000,Neutral
296,user00,2020-04-05 08:19:37.390000,2020-04-05 08:19:39.500000,Neutral
297,user00,2020-04-05 08:19:40.260000,2020-04-05 08:19:41.440000,Neutral
298,user00,2020-04-05 08:19:42.080000,2020-04-05 08:19:42.990000,Neutral
299,user00,2020-04-05 08:19:44.020000,2020-04-05 08:19:44.490000,Neutral
300,user00,2020-04-05 08:19:45.300000,2020-04-05 08:19:46.110000,Neutral
301,user00,2020-04-05 08:19:46.500000,2020-04-05 08:19:49.030000,Neutral
302,user00,2020-04-05 08:19:49.660000,2020-04-05 08:19:51.260000,Neutral
303,user00,2020-04-05 08:19:52.430000,2020-04-05 08:19:58.820000,Neutral
304,user00,2020-04-05 08:19:59.230000,2020-04-05 08:20:00.360000,Neutral
305,user00,2020-04-05 08:20:00.680000,2020-04-05 08:20:01.880000,Neutral
306,user00,2020-04-05 08:20:02.370000,2020-04-05 08:20:05.470000,Neutral
307,user00,2020-04-05 08:20:06.260000,2020-04-05 08:20:09.890000,Neutral
308,user00,2020-04-05 08:20:10.990000,2020-04-05 08:20:12.790000,Neutral
309,user00,2020-04-05 08:20:13.060000,2020-04-05 08:20:15.430000,Neutral
310,user00,2020-04-05 08:20:15.970000,2020-04-05 08:20:16.410000,Neutral
311,user00,2020-04-05 08:20:16.960000,2020-04-05 08:20:18.210000,Neutral
312,user00,2020-04-05 08:20:19.390000,2020-04-05 08:20:19.800000,Neutral
313,user00,2020-04-05 08:20:20.980000,2020-04-05 08:20:23.290000,Neutral
314,user00,2020-04-05 08:20:23.810000,2020-04-05 08:20:30.510000,Neutral
315,user00,2020-04-05 08:20:30.930000,2020-04-05 08:20:31.320000,Neutral
316,user00,2020-04-05 08:20:31.490000,2020-04-05 08:20:33.030000,Neutral
317,user00,2020-04-05 08:20:33.450000,2020-04-05 08:20:35.140000,Neutral
318,user00,2020-04-05 08:20:35.630000,2020-04-05 08:20:37.990000,Neutral
319,user00,2020-04-05 08:20:38.560000,2020-04-05 08:20:41.530000,Negative
320,user00,2020-04-05 08:20:42.070000,2020-04-05 08:20:46.020000,Neutral
321,user00,2020-04-05 08:20:46.730000,2020-04-05 08:20:47.370000,Positive
322,user12,2020-04-05 08:20:47.670000,2020-04-05 08:20:52.970000,Neutral
323,user12,2020-04-05 08:20:53.430000,2020-04-05 08:21:04.400000,Neutral
324,user00,2020-04-05 08:21:06,2020-04-05 08:21:07.520000,Negative
325,user00,2020-04-05 08:21:08.330000,2020-04-05 08:21:11.320000,Neutral
326,user00,2020-04-05 08:21:11.790000,2020-04-05 08:21:13.440000,Neutral
327,user00,2020-04-05 08:21:13.980000,2020-04-05 08:21:19.350000,Negative
328,user00,2020-04-05 08:21:20.280000,2020-04-05 08:21:20.800000,Neutral
329,user00,2020-04-05 08:21:21.120000,2020-04-05 08:21:24.770000,Negative
330,user12,2020-04-05 08:21:25.170000,2020-04-05 08:21:25.390000,Neutral
331,user00,2020-04-05 08:21:25.780000,2020-04-05 08:21:26.170000,Neutral
332,user00,2020-04-05 08:21:26.660000,2020-04-05 08:21:28.700000,Neutral
333,user00,2020-04-05 08:21:29.320000,2020-04-05 08:21:34.250000,Negative
334,user00,2020-04-05 08:21:35.380000,2020-04-05 08:21:35.800000,Neutral
335,user00,2020-04-05 08:21:36.020000,2020-04-05 08:21:38.010000,Neutral
336,user00,2020-04-05 08:21:38.350000,2020-04-05 08:21:39.570000,Neutral
337,user00,2020-04-05 08:21:40.380000,2020-04-05 08:21:40.830000,Neutral
338,user00,2020-04-05 08:21:41.560000,2020-04-05 08:21:44.320000,Neutral
339,user00,2020-04-05 08:21:44.590000,2020-04-05 08:21:50.820000,Neutral
340,user00,2020-04-05 08:21:51.160000,2020-04-05 08:21:52.340000,Neutral
341,user00,2020-04-05 08:21:52.760000,2020-04-05 08:21:55.240000,Neutral
342,user00,2020-04-05 08:21:55.980000,2020-04-05 08:21:56.580000,Neutral
343,user12,2020-04-05 08:21:57.660000,2020-04-05 08:21:59.260000,Neutral
344,user12,2020-04-05 08:21:59.580000,2020-04-05 08:22:04.240000,Neutral
345,user12,2020-04-05 08:22:04.620000,2020-04-05 08:22:05.550000,Neutral
346,user12,2020-04-05 08:22:05.860000,2020-04-05 08:22:09.050000,Neutral
347,user12,2020-04-05 08:22:09.420000,2020-04-05 08:22:11.510000,Negative
348,user12,2020-04-05 08:22:11.860000,2020-04-05 08:22:13.970000,Neutral
349,user12,2020-04-05 08:22:14.340000,2020-04-05 08:22:16.570000,Neutral
350,user12,2020-04-05 08:22:17.370000,2020-04-05 08:22:18.970000,Neutral
351,user02,2020-04-05 08:22:18.530000,2020-04-05 08:22:19.510000,Neutral
352,user02,2020-04-05 08:22:19.710000,2020-04-05 08:22:23.460000,Neutral
353,user02,2020-04-05 08:22:23.780000,2020-04-05 08:22:25.180000,Neutral
354,user02,2020-04-05 08:22:25.530000,2020-04-05 08:22:26.010000,Neutral
355,user02,2020-04-05 08:22:26.550000,2020-04-05 08:22:36.700000,Negative
356,user02,2020-04-05 08:22:37.190000,2020-04-05 08:22:42.260000,Neutral
357,user00,2020-04-05 08:22:40.740000,2020-04-05 08:22:41.010000,Neutral
358,user00,2020-04-05 08:22:42.730000,2020-04-05 08:22:46.540000,Neutral
359,user00,2020-04-05 08:22:46.880000,2020-04-05 08:22:48.010000,Positive
360,user01,2020-04-05 08:22:48.480000,2020-04-05 08:22:48.870000,Neutral
361,user01,2020-04-05 08:22:49.310000,2020-04-05 08:22:49.730000,Neutral
362,user01,2020-04-05 08:22:50.880000,2020-04-05 08:22:51.500000,Neutral
363,user01,2020-04-05 08:22:51.860000,2020-04-05 08:22:54.860000,Neutral
364,user01,2020-04-05 08:22:55.690000,2020-04-05 08:23:01.220000,Negative
365,user01,2020-04-05 08:23:01.460000,2020-04-05 08:23:03,Neutral
366,user00,2020-04-05 08:23:03.420000,2020-04-05 08:23:10.890000,Negative
367,user01,2020-04-05 08:23:11.230000,2020-04-05 08:23:22.740000,Neutral
368,user00,2020-04-05 08:23:11.820000,2020-04-05 08:23:12.510000,Neutral
369,user00,2020-04-05 08:23:24.260000,2020-04-05 08:23:27.680000,Neutral
370,user00,2020-04-05 08:23:27.950000,2020-04-05 08:23:29.570000,Neutral
371,user01,2020-04-05 08:23:30.590000,2020-04-05 08:23:36.100000,Negative
372,user00,2020-04-05 08:23:36.420000,2020-04-05 08:23:38.230000,Neutral
373,user00,2020-04-05 08:23:38.430000,2020-04-05 08:23:40.390000,Negative
374,user00,2020-04-05 08:23:40.680000,2020-04-05 08:23:43.800000,Neutral
375,user00,2020-04-05 08:23:44.730000,2020-04-05 08:23:47.680000,Neutral
376,user00,2020-04-05 08:23:48.200000,2020-04-05 08:23:52.660000,Neutral
377,user00,2020-04-05 08:23:53.110000,2020-04-05 08:23:56.470000,Neutral
378,user01,2020-04-05 08:23:57.050000,2020-04-05 08:24:04.400000,Positive
379,user12,2020-04-05 08:24:04.830000,2020-04-05 08:24:14.120000,Neutral
380,user12,2020-04-05 08:24:14.560000,2020-04-05 08:24:15.070000,Neutral
381,user12,2020-04-05 08:24:15.900000,2020-04-05 08:24:20.230000,Neutral
382,user12,2020-04-05 08:24:21.160000,2020-04-05 08:24:25.330000,Neutral
383,user00,2020-04-05 08:24:25.330000,2020-04-05 08:24:31.610000,Neutral
384,user10,2020-04-05 08:24:31.940000,2020-04-05 08:24:36.060000,Neutral
385,user02,2020-04-05 08:24:35.500000,2020-04-05 08:24:45.540000,Neutral
386,user01,2020-04-05 08:24:45.750000,2020-04-05 08:24:46.290000,Neutral
387,user02,2020-04-05 08:24:45.870000,2020-04-05 08:24:49.980000,Neutral
388,user02,2020-04-05 08:24:50.220000,2020-04-05 08:24:57.210000,Neutral
389,user02,2020-04-05 08:24:57.390000,2020-04-05 08:25:00.310000,Neutral
390,user02,2020-04-05 08:25:01.200000,2020-04-05 08:25:05.050000,Neutral
391,user02,2020-04-05 08:25:05.520000,2020-04-05 08:25:09.440000,Neutral
392,user00,2020-04-05 08:25:09.910000,2020-04-05 08:25:10.980000,Neutral
393,user02,2020-04-05 08:25:10.270000,2020-04-05 08:25:19.500000,Negative
394,user02,2020-04-05 08:25:20.020000,2020-04-05 08:25:21.760000,Neutral
395,user02,2020-04-05 08:25:22.180000,2020-04-05 08:25:24.320000,Neutral
396,user02,2020-04-05 08:25:24.590000,2020-04-05 08:25:28.020000,Neutral
397,user10,2020-04-05 08:25:28.310000,2020-04-05 08:25:28.860000,Neutral
398,user02,2020-04-05 08:25:28.370000,2020-04-05 08:25:32.200000,Neutral
399,user01,2020-04-05 08:25:31.930000,2020-04-05 08:25:38.110000,Neutral
400,user02,2020-04-05 08:25:36.560000,2020-04-05 08:25:38.030000,Neutral
401,user00,2020-04-05 08:25:38.030000,2020-04-05 08:25:41.890000,Neutral
402,user02,2020-04-05 08:25:38.630000,2020-04-05 08:25:38.970000,Neutral
403,user02,2020-04-05 08:25:40.810000,2020-04-05 08:25:41.110000,Neutral
404,user00,2020-04-05 08:25:42.400000,2020-04-05 08:25:42.820000,Neutral
405,user00,2020-04-05 08:25:43.390000,2020-04-05 08:25:45.270000,Neutral
406,user00,2020-04-05 08:25:45.740000,2020-04-05 08:25:50.210000,Neutral
407,user00,2020-04-05 08:25:51.310000,2020-04-05 08:25:51.730000,Neutral
408,user00,2020-04-05 08:25:52.420000,2020-04-05 08:25:55.850000,Neutral
409,user00,2020-04-05 08:25:56.320000,2020-04-05 08:25:59.950000,Neutral
410,user00,2020-04-05 08:26:00.490000,2020-04-05 08:26:01.970000,Neutral
411,user00,2020-04-05 08:26:02.310000,2020-04-05 08:26:03.290000,Neutral
412,user00,2020-04-05 08:26:03.790000,2020-04-05 08:26:05.380000,Negative
413,user01,2020-04-05 08:26:06.290000,2020-04-05 08:26:06.560000,Neutral
414,user02,2020-04-05 08:26:06.560000,2020-04-05 08:26:11.840000,Neutral
415,user01,2020-04-05 08:26:07.290000,2020-04-05 08:26:08.230000,Neutral
416,user00,2020-04-05 08:26:09.900000,2020-04-05 08:26:10.710000,Neutral
417,user00,2020-04-05 08:26:12.300000,2020-04-05 08:26:16.520000,Neutral
418,user01,2020-04-05 08:26:19.170000,2020-04-05 08:26:19.400000,Neutral
419,user01,2020-04-05 08:26:19.960000,2020-04-05 08:26:22.100000,Neutral
420,user01,2020-04-05 08:26:23.170000,2020-04-05 08:26:23.550000,Neutral
421,user01,2020-04-05 08:26:23.820000,2020-04-05 08:26:27.010000,Negative
422,user01,2020-04-05 08:26:27.980000,2020-04-05 08:26:28.330000,Neutral
423,user01,2020-04-05 08:26:28.770000,2020-04-05 08:26:34.680000,Neutral
424,user01,2020-04-05 08:26:34.960000,2020-04-05 08:26:43.100000,Neutral
425,user01,2020-04-05 08:26:43.230000,2020-04-05 08:26:43.620000,Neutral
426,user01,2020-04-05 08:26:44.010000,2020-04-05 08:26:51.990000,Neutral
427,user01,2020-04-05 08:26:52.460000,2020-04-05 08:26:58.490000,Negative
428,user01,2020-04-05 08:26:59.190000,2020-04-05 08:27:00.040000,Neutral
429,user01,2020-04-05 08:27:00.530000,2020-04-05 08:27:01.420000,Neutral
430,user01,2020-04-05 08:27:02.570000,2020-04-05 08:27:03.350000,Neutral
431,user01,2020-04-05 08:27:03.920000,2020-04-05 08:27:06.520000,Neutral
432,user01,2020-04-05 08:27:07.040000,2020-04-05 08:27:14.230000,Neutral
433,user12,2020-04-05 08:27:14.870000,2020-04-05 08:27:34.350000,Neutral
434,user00,2020-04-05 08:27:34.080000,2020-04-05 08:27:34.650000,Neutral
435,user12,2020-04-05 08:27:34.480000,2020-04-05 08:27:37.180000,Negative
436,user00,2020-04-05 08:27:36.220000,2020-04-05 08:27:38.920000,Neutral
437,user00,2020-04-05 08:27:39.590000,2020-04-05 08:27:40.710000,Neutral
438,user00,2020-04-05 08:27:42.700000,2020-04-05 08:27:45.200000,Neutral
439,user00,2020-04-05 08:27:45.520000,2020-04-05 08:27:45.900000,Neutral
440,user00,2020-04-05 08:27:46.430000,2020-04-05 08:27:53.140000,Negative
441,user00,2020-04-05 08:27:53.970000,2020-04-05 08:27:54.780000,Neutral
442,user12,2020-04-05 08:27:54.270000,2020-04-05 08:28:05.650000,Negative
443,user12,2020-04-05 08:28:05.850000,2020-04-05 08:28:08.920000,Neutral
444,user12,2020-04-05 08:28:10.320000,2020-04-05 08:28:11.470000,Neutral
445,user01,2020-04-05 08:28:11.470000,2020-04-05 08:28:14.960000,Neutral
446,user01,2020-04-05 08:28:15.400000,2020-04-05 08:28:19.060000,Neutral
447,user01,2020-04-05 08:28:20.950000,2020-04-05 08:28:23.160000,Neutral
448,user01,2020-04-05 08:28:23.430000,2020-04-05 08:28:27.820000,Neutral
449,user12,2020-04-05 08:28:31.200000,2020-04-05 08:28:34.230000,Negative
450,user12,2020-04-05 08:28:35.030000,2020-04-05 08:28:35.840000,Neutral
451,user01,2020-04-05 08:28:36.020000,2020-04-05 08:28:46.150000,Negative
452,user01,2020-04-05 08:28:46.710000,2020-04-05 08:28:51.400000,Negative
453,user01,2020-04-05 08:28:51.970000,2020-04-05 08:28:58.180000,Neutral
454,user12,2020-04-05 08:28:58.480000,2020-04-05 08:29:08.510000,Negative
455,user10,2020-04-05 08:29:08.510000,2020-04-05 08:29:12.960000,Neutral
456,user10,2020-04-05 08:29:13.060000,2020-04-05 08:29:26.090000,Negative
457,user00,2020-04-05 08:29:27.410000,2020-04-05 08:29:29.430000,Neutral
458,user00,2020-04-05 08:29:29.790000,2020-04-05 08:29:33.080000,Neutral
459,user00,2020-04-05 08:29:34.600000,2020-04-05 08:29:35.630000,Neutral
460,user00,2020-04-05 08:29:36.130000,2020-04-05 08:29:37.040000,Neutral
461,user00,2020-04-05 08:29:37.410000,2020-04-05 08:29:37.800000,Neutral
462,user00,2020-04-05 08:29:39.120000,2020-04-05 08:29:41.900000,Negative
463,user00,2020-04-05 08:29:42.650000,2020-04-05 08:29:43.640000,Negative
464,user01,2020-04-05 08:29:44.220000,2020-04-05 08:29:58.900000,Neutral
465,user01,2020-04-05 08:29:59.080000,2020-04-05 08:30:10.980000,Neutral
466,user01,2020-04-05 08:30:11.100000,2020-04-05 08:30:14.070000,Neutral
467,user01,2020-04-05 08:30:14.300000,2020-04-05 08:30:30.690000,Neutral
468,user01,2020-04-05 08:30:31.580000,2020-04-05 08:30:39.450000,Positive
469,user01,2020-04-05 08:30:40.040000,2020-04-05 08:30:41.620000,Neutral
470,user01,2020-04-05 08:30:42.380000,2020-04-05 08:30:43.360000,Negative
471,user01,2020-04-05 08:30:44.340000,2020-04-05 08:30:47.280000,Positive
472,user01,2020-04-05 08:30:47.680000,2020-04-05 08:30:48.190000,Neutral
473,user00,2020-04-05 08:30:48.610000,2020-04-05 08:30:52.630000,Neutral
474,user00,2020-04-05 08:30:54.520000,2020-04-05 08:30:55.610000,Neutral
475,user00,2020-04-05 08:30:56.410000,2020-04-05 08:30:57.570000,Neutral
476,user00,2020-04-05 08:30:58.720000,2020-04-05 08:30:59.260000,Neutral
477,user00,2020-04-05 08:31:01.320000,2020-04-05 08:31:04.930000,Negative
478,user00,2020-04-05 08:31:06.140000,2020-04-05 08:31:06.480000,Neutral
479,user00,2020-04-05 08:31:07.070000,2020-04-05 08:31:08.640000,Negative
480,user01,2020-04-05 08:31:09.230000,2020-04-05 08:31:09.570000,Neutral
481,user01,2020-04-05 08:31:10.580000,2020-04-05 08:31:36.750000,Negative
482,user01,2020-04-05 08:31:40.260000,2020-04-05 08:31:43.910000,Negative
483,user10,2020-04-05 08:31:45.040000,2020-04-05 08:31:45.380000,Neutral
484,user10,2020-04-05 08:31:46.370000,2020-04-05 08:31:49.870000,Neutral
485,user10,2020-04-05 08:31:51.540000,2020-04-05 08:31:53.510000,Neutral
486,user01,2020-04-05 08:31:53.650000,2020-04-05 08:31:56.850000,Neutral
487,user00,2020-04-05 08:31:57.490000,2020-04-05 08:31:57.810000,Neutral
488,user01,2020-04-05 08:31:58.190000,2020-04-05 08:31:58.510000,Neutral
489,user00,2020-04-05 08:31:58.780000,2020-04-05 08:32:02.760000,Neutral
490,user01,2020-04-05 08:32:03.640000,2020-04-05 08:32:04.040000,Neutral
491,user01,2020-04-05 08:32:04.550000,2020-04-05 08:32:05.040000,Neutral
492,user11,2020-04-05 08:32:07.670000,2020-04-05 08:32:09.240000,Neutral
493,user11,2020-04-05 08:32:09.410000,2020-04-05 08:32:10.420000,Neutral
494,user11,2020-04-05 08:32:10.710000,2020-04-05 08:32:11.160000,Neutral
495,user11,2020-04-05 08:32:11.550000,2020-04-05 08:32:12.280000,Positive
496,user11,2020-04-05 08:32:12.770000,2020-04-05 08:32:13.260000,Neutral
497,user11,2020-04-05 08:32:13.880000,2020-04-05 08:32:15.970000,Neutral
498,user11,2020-04-05 08:32:16.580000,2020-04-05 08:32:18.910000,Neutral
499,user11,2020-04-05 08:32:19.350000,2020-04-05 08:32:20.120000,Neutral
500,user11,2020-04-05 08:32:20.490000,2020-04-05 08:32:22.250000,Neutral
501,user11,2020-04-05 08:32:22.550000,2020-04-05 08:32:23.080000,Neutral
502,user11,2020-04-05 08:32:23.850000,2020-04-05 08:32:25.240000,Neutral
503,user11,2020-04-05 08:32:25.540000,2020-04-05 08:32:28.290000,Neutral
504,user11,2020-04-05 08:32:28.540000,2020-04-05 08:32:33.350000,Neutral
505,user11,2020-04-05 08:32:33.930000,2020-04-05 08:32:41.640000,Neutral
506,user11,2020-04-05 08:32:41.740000,2020-04-05 08:32:43.440000,Negative
507,user11,2020-04-05 08:32:43.780000,2020-04-05 08:32:45.130000,Neutral
508,user11,2020-04-05 08:32:45.760000,2020-04-05 08:32:46.520000,Neutral
509,user11,2020-04-05 08:32:47.060000,2020-04-05 08:32:55.090000,Neutral
510,user11,2020-04-05 08:32:55.490000,2020-04-05 08:32:58.090000,Neutral
511,user11,2020-04-05 08:32:58.560000,2020-04-05 08:33:00.660000,Neutral
512,user11,2020-04-05 08:33:00.890000,2020-04-05 08:33:06.730000,Neutral
513,user11,2020-04-05 08:33:06.850000,2020-04-05 08:33:08.540000,Neutral
514,user11,2020-04-05 08:33:09.040000,2020-04-05 08:33:12.400000,Neutral
515,user11,2020-04-05 08:33:13.040000,2020-04-05 08:33:14.970000,Neutral
516,user11,2020-04-05 08:33:15.460000,2020-04-05 08:33:21.430000,Negative
517,user11,2020-04-05 08:33:22,2020-04-05 08:33:24,Neutral
518,user11,2020-04-05 08:33:24.520000,2020-04-05 08:33:24.840000,Positive
519,user11,2020-04-05 08:33:25.040000,2020-04-05 08:33:26.290000,Positive
520,user11,2020-04-05 08:33:26.590000,2020-04-05 08:33:30,Negative
521,user11,2020-04-05 08:33:30.830000,2020-04-05 08:33:31.350000,Neutral
522,user11,2020-04-05 08:33:32.370000,2020-04-05 08:33:32.940000,Neutral
523,user11,2020-04-05 08:33:33.950000,2020-04-05 08:33:38.760000,Negative
524,user00,2020-04-05 08:33:39.170000,2020-04-05 08:33:41.710000,Neutral
525,user00,2020-04-05 08:33:42.540000,2020-04-05 08:33:44.840000,Neutral
526,user00,2020-04-05 08:33:44.940000,2020-04-05 08:33:46.590000,Neutral
527,user00,2020-04-05 08:33:47.110000,2020-04-05 08:33:52.020000,Neutral
528,user00,2020-04-05 08:33:52.600000,2020-04-05 08:33:53.460000,Neutral
529,user00,2020-04-05 08:33:54.250000,2020-04-05 08:33:54.810000,Neutral
530,user00,2020-04-05 08:33:56.230000,2020-04-05 08:33:58.050000,Negative
531,user00,2020-04-05 08:33:58.340000,2020-04-05 08:34:03.040000,Neutral
532,user00,2020-04-05 08:34:03.530000,2020-04-05 08:34:05.050000,Neutral
533,user00,2020-04-05 08:34:05.370000,2020-04-05 08:34:06.170000,Neutral
534,user00,2020-04-05 08:34:06.710000,2020-04-05 08:34:11.210000,Negative
535,user00,2020-04-05 08:34:11.680000,2020-04-05 08:34:14.080000,Neutral
536,user00,2020-04-05 08:34:14.570000,2020-04-05 08:34:18.110000,Negative
537,user00,2020-04-05 08:34:18.960000,2020-04-05 08:34:24.760000,Neutral
538,user00,2020-04-05 08:34:25.350000,2020-04-05 08:34:26.960000,Neutral
539,user00,2020-04-05 08:34:27.410000,2020-04-05 08:34:28.640000,Neutral
540,user00,2020-04-05 08:34:29.490000,2020-04-05 08:34:30.160000,Neutral
541,user00,2020-04-05 08:34:31.060000,2020-04-05 08:34:32.370000,Neutral
542,user00,2020-04-05 08:34:32.630000,2020-04-05 08:34:34.400000,Neutral
543,user00,2020-04-05 08:34:35.260000,2020-04-05 08:34:37.550000,Neutral
544,user00,2020-04-05 08:34:38.090000,2020-04-05 08:34:38.360000,Neutral
545,user00,2020-04-05 08:34:38.820000,2020-04-05 08:34:40.070000,Neutral
546,user00,2020-04-05 08:34:40.910000,2020-04-05 08:34:45.740000,Neutral
547,user00,2020-04-05 08:34:46.190000,2020-04-05 08:34:48.420000,Positive
548,user00,2020-04-05 08:34:48.930000,2020-04-05 08:34:57.600000,Neutral
549,user00,2020-04-05 08:34:58.020000,2020-04-05 08:35:02.260000,Negative
550,user00,2020-04-05 08:35:03,2020-04-05 08:35:05.090000,Negative
551,user00,2020-04-05 08:35:06.020000,2020-04-05 08:35:08.050000,Negative
552,user00,2020-04-05 08:35:08.380000,2020-04-05 08:35:10.430000,Neutral
553,user00,2020-04-05 08:35:10.810000,2020-04-05 08:35:17.610000,Neutral
554,user00,2020-04-05 08:35:18.140000,2020-04-05 08:35:20.790000,Neutral
555,user00,2020-04-05 08:35:21.140000,2020-04-05 08:35:22.780000,Neutral
556,user00,2020-04-05 08:35:23.200000,2020-04-05 08:35:24.480000,Neutral
557,user00,2020-04-05 08:35:25.230000,2020-04-05 08:35:27.570000,Neutral
558,user00,2020-04-05 08:35:27.910000,2020-04-05 08:35:30.470000,Negative
559,user00,2020-04-05 08:35:31.720000,2020-04-05 08:35:32.600000,Positive
560,user01,2020-04-05 08:35:33.750000,2020-04-05 08:35:38.740000,Neutral
561,user01,2020-04-05 08:35:39.320000,2020-04-05 08:35:40.550000,Negative
562,user00,2020-04-05 08:35:40.900000,2020-04-05 08:35:41.160000,Neutral
563,user00,2020-04-05 08:35:41.710000,2020-04-05 08:35:43.150000,Neutral
564,user01,2020-04-05 08:35:43.320000,2020-04-05 08:35:44.290000,Neutral
565,user01,2020-04-05 08:35:44.940000,2020-04-05 08:35:47.310000,Positive
566,user01,2020-04-05 08:35:47.800000,2020-04-05 08:35:50.340000,Neutral
567,user01,2020-04-05 08:35:50.610000,2020-04-05 08:35:54.230000,Neutral
568,user01,2020-04-05 08:35:55.180000,2020-04-05 08:35:59.920000,Negative
569,user01,2020-04-05 08:36:00.220000,2020-04-05 08:36:06.160000,Neutral
570,user01,2020-04-05 08:36:06.740000,2020-04-05 08:36:09.470000,Neutral
571,user01,2020-04-05 08:36:09.910000,2020-04-05 08:36:12.640000,Neutral
572,user01,2020-04-05 08:36:14.040000,2020-04-05 08:36:21.790000,Neutral
573,user01,2020-04-05 08:36:22.620000,2020-04-05 08:36:24.760000,Neutral
574,user01,2020-04-05 08:36:26.040000,2020-04-05 08:36:28.520000,Neutral
575,user11,2020-04-05 08:36:29.400000,2020-04-05 08:36:32.790000,Neutral
576,user11,2020-04-05 08:36:33.540000,2020-04-05 08:36:35.510000,Neutral
577,user11,2020-04-05 08:36:35.750000,2020-04-05 08:36:37.200000,Neutral
578,user11,2020-04-05 08:36:37.640000,2020-04-05 08:36:41.010000,Neutral
579,user11,2020-04-05 08:36:41.480000,2020-04-05 08:36:43.360000,Neutral
580,user11,2020-04-05 08:36:43.740000,2020-04-05 08:36:45.420000,Positive
581,user11,2020-04-05 08:36:46.040000,2020-04-05 08:36:46.650000,Neutral
582,user11,2020-04-05 08:36:47.050000,2020-04-05 08:36:49.720000,Negative
583,user11,2020-04-05 08:36:50.110000,2020-04-05 08:36:51.460000,Neutral
584,user11,2020-04-05 08:36:51.740000,2020-04-05 08:36:54.330000,Neutral
585,user00,2020-04-05 08:36:52.990000,2020-04-05 08:36:55.590000,Neutral
586,user00,2020-04-05 08:36:55.950000,2020-04-05 08:36:58.650000,Neutral
587,user00,2020-04-05 08:36:59.470000,2020-04-05 08:36:59.910000,Neutral
588,user00,2020-04-05 08:37:00.270000,2020-04-05 08:37:00.790000,Neutral
589,user00,2020-04-05 08:37:02.100000,2020-04-05 08:37:11.150000,Neutral
590,user00,2020-04-05 08:37:11.810000,2020-04-05 08:37:13.500000,Neutral
591,user00,2020-04-05 08:37:13.750000,2020-04-05 08:37:14.910000,Neutral
592,user00,2020-04-05 08:37:15.540000,2020-04-05 08:37:17.020000,Neutral
593,user00,2020-04-05 08:37:18.170000,2020-04-05 08:37:21.020000,Neutral
594,user00,2020-04-05 08:37:21.760000,2020-04-05 08:37:22.410000,Neutral
595,user00,2020-04-05 08:37:22.730000,2020-04-05 08:37:24.650000,Neutral
596,user00,2020-04-05 08:37:25.630000,2020-04-05 08:37:31.480000,Neutral
597,user00,2020-04-05 08:37:33.070000,2020-04-05 08:37:33.560000,Neutral
598,user00,2020-04-05 08:37:34.300000,2020-04-05 08:37:35.400000,Neutral
599,user00,2020-04-05 08:37:35.850000,2020-04-05 08:37:38.420000,Neutral
600,user00,2020-04-05 08:37:38.890000,2020-04-05 08:37:43.330000,Neutral
601,user00,2020-04-05 08:37:43.650000,2020-04-05 08:37:47.180000,Neutral
602,user00,2020-04-05 08:37:47.520000,2020-04-05 08:37:47.850000,Neutral
603,user00,2020-04-05 08:37:48.170000,2020-04-05 08:37:52.210000,Neutral
604,user00,2020-04-05 08:37:52.590000,2020-04-05 08:37:53.400000,Neutral
605,user00,2020-04-05 08:37:54.080000,2020-04-05 08:37:57.610000,Neutral
606,user00,2020-04-05 08:37:57.990000,2020-04-05 08:38:00.420000,Neutral
607,user00,2020-04-05 08:38:01.560000,2020-04-05 08:38:03.870000,Neutral
608,user00,2020-04-05 08:38:04.150000,2020-04-05 08:38:08.240000,Negative
609,user00,2020-04-05 08:38:09.030000,2020-04-05 08:38:16.250000,Neutral
610,user00,2020-04-05 08:38:17.570000,2020-04-05 08:38:18.040000,Neutral
611,user00,2020-04-05 08:38:18.920000,2020-04-05 08:38:20.150000,Neutral
612,user00,2020-04-05 08:38:21.450000,2020-04-05 08:38:25.960000,Neutral
613,user00,2020-04-05 08:38:26.650000,2020-04-05 08:38:28.290000,Neutral
614,user00,2020-04-05 08:38:29.040000,2020-04-05 08:38:30.500000,Neutral
615,user00,2020-04-05 08:38:31.360000,2020-04-05 08:38:32.450000,Neutral
616,user00,2020-04-05 08:38:32.710000,2020-04-05 08:38:33.310000,Neutral
617,user00,2020-04-05 08:38:33.750000,2020-04-05 08:38:37.260000,Neutral
618,user00,2020-04-05 08:38:38.530000,2020-04-05 08:38:39.300000,Neutral
619,user00,2020-04-05 08:38:39.730000,2020-04-05 08:38:40.280000,Neutral
620,user00,2020-04-05 08:38:40.600000,2020-04-05 08:38:43.300000,Neutral
621,user00,2020-04-05 08:38:43.640000,2020-04-05 08:38:44.160000,Neutral
622,user00,2020-04-05 08:38:44.640000,2020-04-05 08:38:45.080000,Neutral
623,user00,2020-04-05 08:38:45.260000,2020-04-05 08:38:47.050000,Neutral
624,user01,2020-04-05 08:38:47.960000,2020-04-05 08:38:48.480000,Neutral
625,user01,2020-04-05 08:38:48.810000,2020-04-05 08:38:54.170000,Neutral
626,user11,2020-04-05 08:38:54.780000,2020-04-05 08:38:55.320000,Neutral
627,user11,2020-04-05 08:38:56.110000,2020-04-05 08:38:59.790000,Neutral
628,user01,2020-04-05 08:38:59.690000,2020-04-05 08:39:03.300000,Negative
629,user11,2020-04-05 08:39:04.650000,2020-04-05 08:39:04.990000,Neutral
630,user11,2020-04-05 08:39:05.510000,2020-04-05 08:39:06.470000,Neutral
631,user11,2020-04-05 08:39:08.630000,2020-04-05 08:39:13.070000,Neutral
632,user11,2020-04-05 08:39:13.440000,2020-04-05 08:39:14.620000,Negative
633,user11,2020-04-05 08:39:15,2020-04-05 08:39:17.830000,Neutral
634,user00,2020-04-05 08:39:18.490000,2020-04-05 08:39:20.880000,Neutral
635,user01,2020-04-05 08:39:20.380000,2020-04-05 08:39:21.440000,Neutral
636,user01,2020-04-05 08:39:21.710000,2020-04-05 08:39:26.400000,Neutral
637,user01,2020-04-05 08:39:26.810000,2020-04-05 08:39:29.780000,Negative
638,user01,2020-04-05 08:39:30.420000,2020-04-05 08:39:36.430000,Neutral
639,user01,2020-04-05 08:39:36.980000,2020-04-05 08:39:44.710000,Positive
640,user01,2020-04-05 08:39:45.540000,2020-04-05 08:39:49.990000,Positive
641,user01,2020-04-05 08:39:50.570000,2020-04-05 08:39:54.570000,Neutral
642,user11,2020-04-05 08:39:55.330000,2020-04-05 08:39:56.410000,Neutral
643,user11,2020-04-05 08:39:58.700000,2020-04-05 08:40:02.430000,Neutral
644,user11,2020-04-05 08:40:02.750000,2020-04-05 08:40:05.130000,Neutral
645,user11,2020-04-05 08:40:05.520000,2020-04-05 08:40:07.780000,Neutral
646,user11,2020-04-05 08:40:08.190000,2020-04-05 08:40:14.240000,Negative
647,user11,2020-04-05 08:40:14.650000,2020-04-05 08:40:17.030000,Neutral
648,user11,2020-04-05 08:40:17.400000,2020-04-05 08:40:19.470000,Negative
649,user11,2020-04-05 08:40:19.760000,2020-04-05 08:40:21.890000,Neutral
650,user11,2020-04-05 08:40:22.230000,2020-04-05 08:40:23.690000,Neutral
651,user01,2020-04-05 08:40:24.440000,2020-04-05 08:40:24.910000,Neutral
652,user01,2020-04-05 08:40:25.720000,2020-04-05 08:40:29.750000,Negative
653,user01,2020-04-05 08:40:30.630000,2020-04-05 08:40:37.020000,Positive
654,user11,2020-04-05 08:40:40.770000,2020-04-05 08:40:46.470000,Neutral
655,user11,2020-04-05 08:40:46.910000,2020-04-05 08:40:51.060000,Neutral
656,user11,2020-04-05 08:40:51.390000,2020-04-05 08:40:53.950000,Neutral
657,user11,2020-04-05 08:40:54.690000,2020-04-05 08:40:55.060000,Neutral
658,user11,2020-04-05 08:40:55.330000,2020-04-05 08:40:59.470000,Neutral
659,user11,2020-04-05 08:41:00.180000,2020-04-05 08:41:00.580000,Neutral
660,user11,2020-04-05 08:41:00.950000,2020-04-05 08:41:01.850000,Neutral
661,user00,2020-04-05 08:41:05.480000,2020-04-05 08:41:05.630000,Neutral
662,user01,2020-04-05 08:41:06.890000,2020-04-05 08:41:07.300000,Positive
663,user01,2020-04-05 08:41:08.190000,2020-04-05 08:41:11.720000,Neutral
664,user01,2020-04-05 08:41:12.110000,2020-04-05 08:41:12.660000,Neutral
665,user01,2020-04-05 08:41:14.250000,2020-04-05 08:41:21.290000,Neutral
666,user01,2020-04-05 08:41:21.680000,2020-04-05 08:41:22.280000,Neutral
667,user01,2020-04-05 08:41:22.940000,2020-04-05 08:41:24.270000,Negative
668,user01,2020-04-05 08:41:24.850000,2020-04-05 08:41:25.570000,Neutral
669,user01,2020-04-05 08:41:26.740000,2020-04-05 08:41:31.890000,Neutral
670,user01,2020-04-05 08:41:32.860000,2020-04-05 08:41:33.810000,Positive
671,user01,2020-04-05 08:41:34.770000,2020-04-05 08:42:02.700000,Negative
672,user01,2020-04-05 08:42:03.340000,2020-04-05 08:42:09.700000,Negative
673,user01,2020-04-05 08:42:10.580000,2020-04-05 08:42:11.150000,Neutral
674,user01,2020-04-05 08:42:11.640000,2020-04-05 08:42:18.810000,Neutral
675,user01,2020-04-05 08:42:19.560000,2020-04-05 08:42:23.670000,Positive
676,user01,2020-04-05 08:42:23.780000,2020-04-05 08:42:29.090000,Neutral
677,user01,2020-04-05 08:42:29.280000,2020-04-05 08:42:41.950000,Neutral
678,user01,2020-04-05 08:42:43.740000,2020-04-05 08:42:54.760000,Neutral
679,user00,2020-04-05 08:42:59.870000,2020-04-05 08:43:02.930000,Neutral
680,user00,2020-04-05 08:43:03.520000,2020-04-05 08:43:05.560000,Neutral
681,user00,2020-04-05 08:43:05.730000,2020-04-05 08:43:05.980000,Neutral
682,user10,2020-04-05 08:43:07.360000,2020-04-05 08:43:08.900000,Neutral
683,user10,2020-04-05 08:43:09.300000,2020-04-05 08:43:18.420000,Negative
684,user10,2020-04-05 08:43:19.780000,2020-04-05 08:43:20.090000,Neutral
685,user01,2020-04-05 08:43:20.090000,2020-04-05 08:43:21.080000,Neutral
686,user01,2020-04-05 08:43:21.720000,2020-04-05 08:43:25.350000,Neutral
687,user10,2020-04-05 08:43:23.510000,2020-04-05 08:43:23.800000,Neutral
688,user10,2020-04-05 08:43:25.660000,2020-04-05 08:43:26.080000,Neutral
689,user10,2020-04-05 08:43:26.400000,2020-04-05 08:43:28.040000,Neutral
690,user01,2020-04-05 08:43:26.480000,2020-04-05 08:43:27.040000,Neutral
691,user01,2020-04-05 08:43:28.460000,2020-04-05 08:43:28.850000,Neutral
692,user01,2020-04-05 08:43:30.160000,2020-04-05 08:43:33.660000,Negative
693,user01,2020-04-05 08:43:33.790000,2020-04-05 08:43:43.660000,Neutral
694,user01,2020-04-05 08:43:44.440000,2020-04-05 08:43:45.750000,Neutral
695,user01,2020-04-05 08:43:46.210000,2020-04-05 08:43:54.680000,Neutral
696,user01,2020-04-05 08:43:55.950000,2020-04-05 08:43:58.750000,Neutral
697,user01,2020-04-05 08:43:59.850000,2020-04-05 08:44:04.640000,Neutral
698,user01,2020-04-05 08:44:05.630000,2020-04-05 08:44:06.210000,Neutral
699,user01,2020-04-05 08:44:08.300000,2020-04-05 08:44:08.670000,Negative
700,user01,2020-04-05 08:44:09.090000,2020-04-05 08:44:10.460000,Negative
701,user01,2020-04-05 08:44:10.760000,2020-04-05 08:44:13.480000,Neutral
702,user02,2020-04-05 08:44:15.250000,2020-04-05 08:44:20.450000,Neutral
703,user02,2020-04-05 08:44:20.890000,2020-04-05 08:44:21.870000,Negative
704,user02,2020-04-05 08:44:22.390000,2020-04-05 08:44:36.600000,Negative
705,user01,2020-04-05 08:44:37.540000,2020-04-05 08:44:52.240000,Neutral
706,user02,2020-04-05 08:44:37.750000,2020-04-05 08:44:38.220000,Neutral
707,user01,2020-04-05 08:44:52.510000,2020-04-05 08:44:54.500000,Positive
708,user01,2020-04-05 08:44:55.180000,2020-04-05 08:45:00.290000,Negative
709,user01,2020-04-05 08:45:00.540000,2020-04-05 08:45:03.010000,Neutral
710,user01,2020-04-05 08:45:03.820000,2020-04-05 08:45:21.440000,Positive
711,user01,2020-04-05 08:45:21.810000,2020-04-05 08:45:24.270000,Neutral
712,user01,2020-04-05 08:45:25.180000,2020-04-05 08:45:25.640000,Neutral
713,user01,2020-04-05 08:45:25.940000,2020-04-05 08:45:28.070000,Negative
714,user01,2020-04-05 08:45:29.490000,2020-04-05 08:45:33,Neutral
715,user01,2020-04-05 08:45:34.400000,2020-04-05 08:45:34.870000,Neutral
716,user01,2020-04-05 08:45:35.370000,2020-04-05 08:45:44.640000,Neutral
717,user01,2020-04-05 08:45:45.250000,2020-04-05 08:45:45.700000,Neutral
718,user01,2020-04-05 08:45:46.550000,2020-04-05 08:45:52.540000,Neutral
719,user01,2020-04-05 08:45:53.080000,2020-04-05 08:45:56.920000,Negative
720,user01,2020-04-05 08:45:57.600000,2020-04-05 08:46:04.250000,Neutral
721,user01,2020-04-05 08:46:04.520000,2020-04-05 08:46:08.330000,Negative
722,user01,2020-04-05 08:46:08.940000,2020-04-05 08:46:13.310000,Negative
723,user01,2020-04-05 08:46:13.750000,2020-04-05 08:46:15.740000,Neutral
724,user01,2020-04-05 08:46:16.280000,2020-04-05 08:46:18.150000,Negative
725,user01,2020-04-05 08:46:18.630000,2020-04-05 08:46:22.300000,Neutral
726,user01,2020-04-05 08:46:22.730000,2020-04-05 08:46:24.480000,Negative
727,user12,2020-04-05 08:46:25.800000,2020-04-05 08:46:30.370000,Neutral
728,user01,2020-04-05 08:46:29.910000,2020-04-05 08:46:31.100000,Neutral
729,user01,2020-04-05 08:46:32.110000,2020-04-05 08:46:34.350000,Negative
730,user01,2020-04-05 08:46:34.790000,2020-04-05 08:46:43.820000,Neutral
731,user01,2020-04-05 08:46:44.240000,2020-04-05 08:46:45.740000,Neutral
732,user00,2020-04-05 08:46:45.930000,2020-04-05 08:46:46.690000,Neutral
733,user00,2020-04-05 08:46:47.060000,2020-04-05 08:46:51.330000,Negative
734,user00,2020-04-05 08:46:51.850000,2020-04-05 08:46:53.270000,Neutral
735,user00,2020-04-05 08:46:54.130000,2020-04-05 08:46:55.330000,Neutral
736,user00,2020-04-05 08:46:55.580000,2020-04-05 08:46:56.340000,Neutral
737,user01,2020-04-05 08:46:57.760000,2020-04-05 08:46:58.230000,Neutral
738,user01,2020-04-05 08:46:59.260000,2020-04-05 08:46:59.940000,Neutral
739,user01,2020-04-05 08:47:00.560000,2020-04-05 08:47:03.340000,Negative
740,user00,2020-04-05 08:47:04.610000,2020-04-05 08:47:05.220000,Neutral
741,user10,2020-04-05 08:47:05.790000,2020-04-05 08:47:06.090000,Neutral
742,user10,2020-04-05 08:47:07.930000,2020-04-05 08:47:12.170000,Negative
743,user00,2020-04-05 08:47:08.100000,2020-04-05 08:47:08.580000,Neutral
744,user01,2020-04-05 08:47:08.580000,2020-04-05 08:47:08.780000,Neutral
745,user01,2020-04-05 08:47:13.130000,2020-04-05 08:47:17.060000,Neutral
746,user01,2020-04-05 08:47:17.690000,2020-04-05 08:47:24.980000,Positive
747,user01,2020-04-05 08:47:25.080000,2020-04-05 08:47:26.210000,Negative
748,user01,2020-04-05 08:47:26.460000,2020-04-05 08:47:27.480000,Positive
749,user01,2020-04-05 08:47:29.350000,2020-04-05 08:47:29.970000,Neutral
750,user01,2020-04-05 08:47:30.310000,2020-04-05 08:47:39.020000,Negative
751,user01,2020-04-05 08:47:39.410000,2020-04-05 08:47:39.840000,Neutral
752,user01,2020-04-05 08:47:40.840000,2020-04-05 08:47:44.320000,Negative
753,user01,2020-04-05 08:47:44.640000,2020-04-05 08:47:56.250000,Negative
754,user01,2020-04-05 08:47:57.010000,2020-04-05 08:47:58.740000,Neutral
755,user01,2020-04-05 08:47:59.170000,2020-04-05 08:48:12.700000,Neutral
756,user01,2020-04-05 08:48:13.830000,2020-04-05 08:48:14.190000,Neutral
757,user12,2020-04-05 08:48:14.840000,2020-04-05 08:48:18.080000,Neutral
758,user01,2020-04-05 08:48:18.790000,2020-04-05 08:48:22.220000,Neutral
759,user01,2020-04-05 08:48:22.790000,2020-04-05 08:48:24.970000,Neutral
760,user01,2020-04-05 08:48:26.320000,2020-04-05 08:48:31.750000,Neutral
761,user01,2020-04-05 08:48:32.360000,2020-04-05 08:48:39.240000,Neutral
762,user02,2020-04-05 08:48:32.460000,2020-04-05 08:48:32.920000,Neutral
763,user11,2020-04-05 08:48:36.710000,2020-04-05 08:48:37.320000,Neutral
764,user01,2020-04-05 08:48:39.780000,2020-04-05 08:48:41.020000,Neutral
765,user01,2020-04-05 08:48:41.830000,2020-04-05 08:48:45.070000,Neutral
766,user12,2020-04-05 08:48:45.490000,2020-04-05 08:48:48.070000,Neutral
767,user01,2020-04-05 08:48:45.830000,2020-04-05 08:48:46.450000,Neutral
768,user01,2020-04-05 08:48:48.360000,2020-04-05 08:48:53.130000,Neutral
769,user01,2020-04-05 08:48:54.010000,2020-04-05 08:48:56.460000,Negative
770,user11,2020-04-05 08:48:55.580000,2020-04-05 08:48:55.730000,Neutral
771,user12,2020-04-05 08:48:55.730000,2020-04-05 08:48:56.240000,Negative
772,user01,2020-04-05 08:48:56.660000,2020-04-05 08:48:57,Neutral
773,user01,2020-04-05 08:48:57.620000,2020-04-05 08:49:00.420000,Neutral
774,user12,2020-04-05 08:48:58.230000,2020-04-05 08:48:58.650000,Neutral
775,user01,2020-04-05 08:49:01.590000,2020-04-05 08:49:09.670000,Negative
776,user01,2020-04-05 08:49:10.870000,2020-04-05 08:49:14.990000,Neutral
777,user01,2020-04-05 08:49:15.260000,2020-04-05 08:49:37.260000,Neutral
778,user11,2020-04-05 08:49:18.850000,2020-04-05 08:49:19.290000,Neutral
779,user01,2020-04-05 08:49:37.630000,2020-04-05 08:49:41.070000,Negative
780,user01,2020-04-05 08:49:41.630000,2020-04-05 08:49:43.660000,Negative
781,user01,2020-04-05 08:49:44.370000,2020-04-05 08:49:46.120000,Neutral
782,user01,2020-04-05 08:49:46.490000,2020-04-05 08:49:56.230000,Neutral
783,user12,2020-04-05 08:49:55.990000,2020-04-05 08:49:56.360000,Neutral
784,user01,2020-04-05 08:49:56.730000,2020-04-05 08:49:57.140000,Neutral
785,user01,2020-04-05 08:49:57.340000,2020-04-05 08:49:57.850000,Neutral
786,user01,2020-04-05 08:49:58.590000,2020-04-05 08:50:01.140000,Neutral
787,user12,2020-04-05 08:50:00.550000,2020-04-05 08:50:10.710000,Negative
788,user01,2020-04-05 08:50:11.990000,2020-04-05 08:50:13.100000,Positive
789,user01,2020-04-05 08:50:13.590000,2020-04-05 08:50:14.350000,Neutral
790,user01,2020-04-05 08:50:15.230000,2020-04-05 08:50:24.900000,Negative
791,user01,2020-04-05 08:50:25.290000,2020-04-05 08:50:27.990000,Neutral
792,user01,2020-04-05 08:50:28.320000,2020-04-05 08:50:29.790000,Neutral
793,user01,2020-04-05 08:50:29.890000,2020-04-05 08:50:33.890000,Neutral
794,user01,2020-04-05 08:50:34.280000,2020-04-05 08:50:41.070000,Neutral
795,user01,2020-04-05 08:50:41.280000,2020-04-05 08:50:45.180000,Neutral
796,user12,2020-04-05 08:50:41.810000,2020-04-05 08:50:42.180000,Neutral
797,user12,2020-04-05 08:50:45.620000,2020-04-05 08:50:47.090000,Neutral
798,user12,2020-04-05 08:50:49.150000,2020-04-05 08:50:49.470000,Neutral
799,user12,2020-04-05 08:50:53.820000,2020-04-05 08:50:54.080000,Neutral
800,user01,2020-04-05 08:50:55.490000,2020-04-05 08:50:55.950000,Neutral
801,user01,2020-04-05 08:50:57.450000,2020-04-05 08:50:58.190000,Neutral
