start_time,rppg_sync
0.04,0.0
1.24,0.0
2.44,0.0
3.64,0.0
4.84,0.0005106978591104666
6.04,0.00027015353720836007
7.24,0.0022440363470923996
8.44,-0.04193655552397203
9.64,-0.04091789642004787
10.84,0.010048752556251333
12.04,0.08184423170345458
13.24,-0.030238779974089375
14.44,0.030831828208630136
15.64,0.015512192727243896
16.84,-0.020535500275820993
18.04,-0.013070409349434264
19.24,0.0013817690651646397
20.44,-0.0040650215086918936
21.64,-0.04082475687154385
22.84,0.0020213666281114406
24.04,-0.0004775013020583192
25.24,0.020687678238251846
26.44,-0.01899796119140846
27.64,0.03104406992120479
28.84,0.0011660826885624604
30.04,-0.01816484928466531
31.24,-0.09048039762988996
32.439,-0.03923855316647752
33.64,-0.023471695350021866
34.84,-0.004765762264380359
36.04,0.023848303895087807
37.24,0.015556553744883858
38.44,-0.004921104613912027
39.64,-0.0007824177389386775
40.84,0.034357102527804204
42.04,0.0025217757403684354
43.24,0.02902531352466357
44.44,0.00046660933574913833
45.64,0.014904299832777768
46.84,0.01251915510823882
48.04,0.0007953936377022524
49.24,0.007455390850725041
50.44,0.014936831189447225
51.64,-0.01455226212513844
52.84,0.0011269376103306649
54.04,0.04672045774885509
55.24,-0.02619317283827965
56.44,-0.008595980796091637
57.64,0.019439048567267983
58.84,0.0031761065313514448
60.04,-0.005435617023909845
61.24,-0.007934890751364953
62.44,-0.05877588868998041
63.64,-0.004613449002200552
64.84,0.015915855927255307
66.04,-0.06139027601915375
67.24,-0.03424969965172827
68.44,-0.013709208777933109
69.64,0.003931079639695029
70.84,0.07482281932509298
72.04,0.005352624201233615
73.24,-0.009809334560160896
74.44,-0.010171060781614427
75.64,-0.02108047793610137
76.84,-0.03489336546881278
78.04,-0.046282581559353074
79.24,0.0069930649802569505
80.44,-0.04742050588874916
81.64,-0.0602814803088599
82.84,-0.010157964704743904
84.04,-0.012679793576255597
85.24,0.03380733474396505
86.44,-0.07855959064629912
87.64,0.018237160729144497
88.84,-0.007237339111314818
90.04,0.006667146228954248
91.24,-0.01355795817210934
92.44,0.0008098831191325133
93.64,0.0052999370770883845
94.84,-0.0003705559861595546
96.04,-0.010188036682431656
97.24,-0.03242664475177829
98.44,0.041101496435579046
99.64,-0.0010575344337864178
100.84,-0.028692233681096344
102.04,-0.011790107482626965
103.24,-0.019640779984469264
104.44,-0.08447251196402025
105.64,-0.13219894204061117
106.84,0.012248451583312331
108.04,0.08302417815057482
109.24,-0.041461423592095654
110.44,-0.06235680485282068
111.64,0.011112676027593004
112.84,0.004023014614220056
114.04,-0.09081122568825924
115.24,-0.028652151184359795
116.44,-0.01891045264565926
117.64,-0.05272473770552795
118.84,0.0022859106777102624
120.04,-0.004927882383805624
121.24,0.042347497959413685
122.44,0.0177651832992455
123.64,-0.011663277784684394
124.84,0.03684171419462325
126.04,-0.06902702001936989
127.24,0.1689126111315705
128.44,-0.020525658441493778
129.64,-0.03101830476711003
130.84,0.020093076448336442
132.04,0.03099293644015838
133.24,0.010306814005428499
134.44,0.0015257232997643198
135.64,-0.000870050524524686
136.84,0.0030557230906370844
138.04,-0.04775509741531492
139.24,-0.0094793247403921
140.44,0.013180899391711291
141.64,-0.006149988761098775
142.84,-0.02546803428905604
144.04,0.012213435465380855
145.24,-0.04956645793169434
146.44,0.014160128698110135
147.64,-0.013411710831893856
148.84,-0.004532863498408131
150.04,0.007674400134871624
151.24,-0.07283818722956376
152.44,-0.029475732504863336
153.64,-0.027399133687726274
154.84,-0.18176359354124594
156.04,-0.008899332562062818
157.24,-0.01909232604762443
158.44,0.009854441749758806
159.64,0.07136072612787628
160.84,-0.01159231739413859
162.04,0.02333303179662719
163.24,-0.025665435861813916
164.44,0.025777862185726825
165.64,-0.02539871631855738
166.84,0.001288712712561516
168.04,0.0025562825179590086
169.24,0.03789014800594847
170.44,0.06257333908032324
171.64,0.034695296393967824
172.84,-0.016570884361072222
174.04,0.0030831565593468333
175.24,-0.02021174368071547
176.44,-0.004088489592479118
177.64,-0.009296336797808898
178.84,-0.008068109609938414
180.04,-0.019860688587910572
181.24,-0.005545477450220735
182.44,0.0020455848447990866
183.64,-0.011921275396965384
184.84,-0.035691653152590666
186.04,0.001938644733517845
187.24,-0.009293340319290463
188.44,0.0021175452654480687
189.64,-0.03360409199566918
190.84,0.11445608692358358
192.04,-0.05734476194731648
193.24,0.06395773876542805
194.44,-0.11788570297421459
195.64,-0.025381051419962667
196.84,-0.02128980159287279
198.04,0.07096110680110793
199.24,-0.09067026661360833
200.44,-0.013843097154413753
201.64,-0.010199980526070749
202.84,0.01936634505081675
204.04,-0.09767074432161879
205.24,-0.0189488026122085
206.44,-0.01233748202329333
207.64,0.03173250391677667
208.84,-0.02688447357449488
210.04,-0.08424482285569461
211.24,0.002784301837443838
212.44,0.0031096145385144432
213.64,-0.0006517486170102874
214.84,-0.007502746386015133
216.04,0.06756325337319793
217.24,-0.01308466160424489
218.44,-0.011280010216520033
219.64,-0.02289682886425739
220.84,-0.003032163179103739
222.04,-0.014536318756524159
223.24,0.0058218513159559145
224.44,-0.00494465631410367
225.64,0.0025118142814462814
226.84,-0.011668856162169708
228.04,0.07559093651034697
229.24,-0.01937885080248876
230.44,-0.054165441793610825
231.64,0.00574108301538613
232.84,-0.003666131053458799
234.04,0.0017305267462620667
235.24,0.0002451536650427318
236.44,0.012948398356651795
237.64,-0.0007159299151931882
238.84,-0.01848299542093012
240.04,-0.08516130823669912
241.24,-0.018744533514511177
242.44,-0.034818778274702686
243.64,0.004316754309171051
244.84,-0.01751541349052142
246.04,0.12693591880228708
247.24,-0.0013719561725489642
248.44,0.053081574546585325
249.64,0.01782027832442136
250.84,0.0
252.04,0.0
253.24,0.0
254.44,0.0
255.64,0.0
256.84,0.0
258.04,0.0
259.24,0.0
260.44,0.0
261.64,0.0
262.84,0.0
264.04,0.0
265.24,0.0
266.44,0.0
267.64,0.0
268.84,0.0
270.04,0.0
271.24,0.0
272.44,0.0
273.64,0.0
274.84,0.0
276.04,0.0
277.24,0.0
278.44,0.0
279.64,0.0
280.84,0.0
282.04,0.0
283.24,0.0
284.44,0.0
285.64,0.0
286.84,0.0
288.04,0.0
289.24,0.0
290.44,0.0
291.64,0.0
292.84,0.0
294.04,0.0
295.24,0.0
296.44,0.0
297.64,0.0
298.84,0.0
300.04,0.0
301.24,0.0
302.44,0.0
303.64,0.0
304.84,0.0
306.04,0.0
307.24,0.0
308.44,0.0
309.64,0.0
310.84,0.0
312.04,0.0
313.24,0.0
314.44,0.0
315.64,0.0
316.84,0.0
318.04,0.0
319.24,0.0
320.44,0.0
321.64,0.0
322.84,0.0
324.04,0.0
325.24,0.0
326.44,0.0
327.64,0.0
328.84,0.0
330.04,0.0
331.24,0.0
332.44,0.0
333.64,0.0
334.84,0.0
336.04,0.0
337.24,0.0
338.44,0.0
339.64,0.0
340.84,0.0
342.04,0.0
343.24,0.0
344.44,0.0
345.64,0.0
346.84,0.0
348.04,0.0
349.24,0.0
350.44,0.0
351.64,0.0
352.84,0.0
354.04,0.0
355.24,0.0
356.44,0.0
357.64,0.0
358.84,0.0
360.04,0.0
361.24,0.0
362.44,0.0
363.64,0.0
364.84,0.0
366.04,0.0
367.24,0.0
368.44,0.0
369.64,0.0
370.84,0.0
372.04,0.0
373.24,0.0
374.44,0.0
375.64,0.0
376.84,0.0
378.04,0.0
379.24,0.0
380.44,0.0
381.64,0.0
382.84,0.0
384.04,0.0
385.24,0.0
386.44,0.0
387.64,0.0
388.84,0.0
390.04,0.0
391.24,0.0
392.44,0.0
393.64,0.0
394.84,0.0
396.04,0.0
397.24,0.0
398.44,0.0
399.64,0.0
400.84,0.0
402.04,0.0
403.24,0.0
404.44,0.0
405.64,0.0
406.84,0.0
408.04,0.0
409.24,0.0
410.44,0.0
411.64,0.0
412.84,0.0
414.04,0.0
415.24,0.0
416.44,0.0
417.64,0.0
418.84,0.0
420.04,0.0
421.24,0.0
422.44,0.0
423.64,0.0
424.84,0.0
426.04,0.0
427.24,0.0
428.44,0.0
429.64,0.0
430.84,0.0
432.04,0.0
433.24,0.0
434.44,0.0
435.64,0.0
436.84,0.0
438.04,0.0
439.24,0.0
440.44,0.0
441.64,0.0
442.84,0.0
444.04,0.0
445.24,0.0
446.44,0.0
447.64,0.0
448.84,0.0
450.04,0.0
451.24,0.0
452.44,0.0
453.64,0.0
454.84,0.0
456.04,0.0
457.24,0.0
458.44,0.0
459.64,0.0
460.84,0.0
462.04,0.0
463.24,0.0
464.44,0.0
465.64,0.0
466.84,0.0
468.04,0.0
469.24,0.0
470.44,0.0
471.64,0.0
472.84,0.0
474.04,0.0
475.24,0.0
476.44,0.0
477.64,0.0
478.84,0.0
480.04,0.0
481.24,0.0
482.44,0.0
483.64,0.0
484.84,0.0
486.04,0.0
487.24,0.0
488.44,0.0
489.64,0.0
490.84,0.0
492.04,0.0
493.24,0.0
494.44,0.0
495.64,0.0
496.84,0.0
498.04,0.0
499.24,0.0
500.44,0.0
501.64,0.0
502.84,0.0
504.04,0.0
505.24,0.0
506.44,0.0
507.64,0.0
508.84,0.0
510.04,0.0
511.24,0.0
512.44,0.0
513.64,0.0
514.84,0.0
516.039,0.0
517.24,0.0
518.44,0.0
519.64,0.0
520.84,0.0
522.039,0.0
523.24,0.0
524.44,0.0
525.64,0.0
526.84,0.0
528.04,0.0
529.24,0.0
530.44,0.0
531.64,0.0
532.84,0.0
534.04,0.0
535.24,0.0
536.44,0.0
537.64,0.0
538.84,0.0
540.04,0.0
541.24,0.0
542.44,0.0
543.64,0.0
544.84,0.0
546.04,0.0
547.24,0.0
548.44,0.0
549.64,0.0
550.84,0.0
552.04,0.0
553.24,0.0
554.44,0.0
555.64,0.0
556.84,0.0
558.04,0.0
559.24,0.0
560.44,0.0
561.64,0.0
562.84,0.0
564.04,0.0
565.24,0.0
566.44,0.0
567.64,0.0
568.84,0.0
570.04,0.0
571.24,0.0
572.44,0.0
573.64,0.0
574.84,0.0
576.04,0.0
577.24,0.0
578.44,0.0
579.64,0.0
580.84,0.0
582.04,0.0
583.24,0.0
584.44,0.0
585.64,0.0
586.84,0.0
588.04,0.0
589.24,0.0
590.44,0.0
591.64,0.0
592.84,0.0
594.04,0.0
595.24,0.0
596.44,0.0
597.64,0.0
598.84,0.0
600.04,0.0
601.24,0.0
602.44,0.0
603.64,0.0
604.84,0.0
606.04,0.0
607.24,0.0
608.44,0.0
609.64,0.0
610.84,0.0
612.04,0.0
613.24,0.0
614.44,0.0
615.64,0.0
616.84,0.0
618.04,0.0
619.24,0.0
620.44,0.0
621.64,0.0
622.84,0.0
624.04,0.0
625.24,0.0
626.44,0.0
627.64,0.0
628.84,0.0
630.04,0.0
631.24,0.0
632.44,0.0
633.64,0.0
634.84,0.0
636.04,0.0
637.24,0.0
638.44,0.0
639.64,0.0
640.84,0.0
642.04,0.0
643.24,0.0
644.44,0.0
645.64,0.0
646.84,0.0
648.04,0.0
649.24,0.0
650.44,0.0
651.64,0.0
652.84,0.0
654.04,0.0
655.24,0.0
656.44,0.0
657.64,0.0
658.84,0.0
660.04,0.0
661.24,0.0
662.44,0.0
663.64,0.0
664.84,0.0
666.04,0.0
667.24,0.0
668.44,0.0
669.64,0.0
670.84,0.0
672.04,0.0
673.24,0.0
674.44,0.0
675.64,0.0
676.84,0.0
678.04,-0.0010169933469983332
679.24,0.002347599437207294
680.44,0.0020728940237091736
681.64,-0.011424221834343195
682.84,0.02169893799664051
684.04,0.023410369524237216
685.24,-0.00568251653841816
686.44,-0.007009196065075539
687.64,-0.008632305018432868
688.84,-0.003151007111576989
690.04,0.0012878644108944195
691.24,0.004134693289467047
692.44,-0.013876948380333546
693.64,0.03537553909235589
694.84,0.008703507908306778
696.04,-0.0022400805826806275
697.24,0.004178542524262028
698.44,0.01854174678914544
699.64,0.03553954741358279
700.84,-0.006070362203018268
702.04,-0.13580567364433502
703.24,0.034481486080801226
704.44,-0.010289996042058287
705.64,-0.04227624797374243
706.84,-0.03415616985290704
708.04,0.008464450517635518
709.24,0.017384958434111086
710.44,-0.00264043572418226
711.64,0.019104556268077298
712.84,-0.00017634327839198687
714.04,0.03699459618739213
715.24,0.0017912490496373335
716.44,0.005159469673604626
717.64,-0.015282288692072736
718.84,-0.011757505062930985
720.04,0.07805128641699834
721.24,0.05861548219551093
722.44,-0.008136520252300378
723.64,-0.01922411898743539
724.84,0.039919386925085606
726.04,0.005019332483592897
727.24,0.001067676237792651
728.44,-0.043052404268784095
729.64,-0.0013026314993507073
730.84,0.029992380736834443
732.04,0.011320636837724123
733.24,-0.006267436745340865
734.44,-0.02365987628642794
735.64,-0.027227680041966244
736.84,0.03530042482914074
738.04,0.003449373820765554
739.24,0.054492130375962705
740.44,0.153387333730969
741.64,0.09680952352238871
742.84,0.04425812502845727
744.04,-0.0002373076883979382
745.24,0.002283095522499474
746.44,0.0664912055560868
747.64,0.0030723314937829388
748.84,0.017131012988149133
750.04,-0.0677233722185644
751.24,-0.03805744465124169
752.44,-0.003868114146724389
753.64,0.01783115738981498
754.84,0.03094275436413724
756.04,0.03442168407536375
757.24,-0.03081027509196082
758.44,0.01814758334626687
759.64,0.08670594967846715
760.84,0.019859452644994127
762.04,0.0028408172973748264
763.24,0.047087126124072474
764.44,0.08403128919149806
765.64,-0.0018191781560900502
766.84,0.02073575579646492
768.04,-0.0028126591144359615
769.24,-0.012138377146483402
770.44,0.003756099464066666
771.64,0.03608344469688296
772.84,-0.007334581611519695
774.04,-0.008366319665458906
775.24,-0.0349194646878376
776.44,-0.0707514846072831
777.64,-0.0016198047781516018
778.84,0.010073232339718241
780.04,0.0002555971477603334
781.24,0.013190553680575002
782.44,0.006637822012437054
783.64,0.0051980285805728315
784.84,7.311993062777469e-05
786.04,-0.0014195775971578548
787.24,-0.00019926135126615934
788.44,-0.007334879356986099
789.64,0.008506479453603074
790.84,0.00028159284451550966
792.04,0.003565622192913674
793.24,-0.007473473757597426
794.44,-0.04559666594168014
795.64,0.032909071861947546
796.84,0.03880249798359602
798.04,0.006031697770743945
799.24,0.007109623359694606
800.44,-0.0029248036373862004
801.64,-6.775919441628006e-05
802.84,0.00034921686104054134
804.04,-0.002183768227715515
805.24,-0.022045383776078138
806.44,-0.0020752624225201808
807.64,0.008534327740074392
808.84,0.030681005205672147
810.04,0.014582559661389848
811.24,-0.0015425017985443508
812.44,-0.0027683409119516425
813.64,0.025402121341585336
814.84,0.05269893957780097
816.04,0.0017662186165811721
817.24,-0.0032578109565847306
818.44,0.0012218235614995362
819.64,-0.024768148509246076
820.84,-0.0068983971248180115
822.04,0.036207959451103826
823.24,-0.016262971641531756
824.44,0.028977278916001107
825.64,-0.013657626326726097
826.84,-0.01529485804688511
828.04,0.03193576172170143
829.24,-0.054032586741302804
830.44,-0.023699500165331015
831.64,-0.04428482828102682
832.84,0.033654813384947885
834.04,0.027379995729289078
835.24,-0.012746929269717247
836.44,0.04783350785998698
837.64,0.060178344526439734
838.84,0.09802113198961097
840.04,0.03096361100028812
841.24,0.03160086388774645
842.44,0.048028428377598444
843.64,-0.04471534431107692
844.84,0.015799177866386162
846.04,-0.046759842400257504
847.24,0.0180793455036146
848.44,0.07833013161301419
849.64,-0.09812634373482924
850.84,0.00024437664670907505
852.04,-0.005559566883075239
853.24,-0.06338982211796246
854.44,-0.01979110403567068
855.64,-0.036096013601285434
856.84,0.0033194282937803734
858.04,-0.026364092619769835
859.24,-0.097373009563476
860.44,-0.03308182950676581
861.64,-0.010523858256889663
862.84,0.0008169803019090372
864.04,-0.006567068743135102
865.24,-0.012704829451886005
866.44,0.0336380159346817
867.64,-0.02133460558019181
868.84,-0.04541145436304277
870.04,-0.018523285033364204
871.24,0.014375439307799663
872.44,-0.005150318326254468
873.64,-0.13460396934967106
874.84,0.01926658987656077
876.04,-0.028589872537304526
877.24,-0.000650153813573686
878.44,-0.014130951744562055
879.64,-0.04841008431149932
880.84,0.10855642316790051
882.04,-0.009447987173546267
883.24,-0.006799651953336019
884.44,0.03993405669536045
885.64,-0.028885136525362065
886.84,-0.008009047331944826
888.04,0.0673273190520768
889.24,-0.006406315379698884
890.44,-0.0076102626383486955
891.64,-0.03995178166126736
892.84,0.001250595834816201
894.04,-0.008057271432056185
895.24,-0.008531217396673941
896.44,-0.0027253794225557404
897.64,-0.0015108405858633026
898.84,-0.002258416677344059
900.04,0.0013710311515689885
901.24,0.002792263250831408
902.44,0.003759526903967543
903.64,0.0026484103664826475
904.84,0.0076629710925871265
906.04,0.002403470023032139
907.24,0.0
908.44,0.0
909.64,0.0
910.84,-0.005204003586421999
912.04,0.0009690980561830336
913.24,3.956724671598412e-05
914.44,-0.015085716799510068
915.64,-0.012198064745470489
916.84,-0.023601041283017047
918.04,0.0022548239707796533
919.24,-0.03515020307275159
920.44,-0.005591580740268178
921.64,0.01955585614961033
922.84,0.003817000631077274
924.04,-0.0048535512805115985
925.24,0.02648812009882233
926.44,-0.04477184990841056
927.64,0.00796452455393466
928.84,-0.001401974582972787
930.04,-0.03101472303411079
931.24,0.011990175476336332
932.44,-0.002657745700261667
933.64,-0.007653999165027163
934.84,0.030512160381582498
936.04,0.042657779871144746
937.24,-0.0063791663600197635
938.44,-0.08328622255491756
939.64,0.01845336155252104
940.84,0.01368014462519358
942.04,-0.013371917943137189
943.24,-0.007097123435204955
944.44,-0.010439384716834308
945.64,-0.028920072763828027
946.84,-0.036891728040825085
948.04,0.023988767832637436
949.24,0.021554368345117356
950.44,0.03151030474423616
951.64,-0.005842758438935146
952.84,0.08189496295904532
954.04,-0.005902906795096919
955.24,-0.014096984014422718
956.44,0.0005593857845160625
957.64,0.021501368415253096
958.84,0.011618637771858318
960.04,-0.003360360273618251
961.24,0.024034259224816275
962.44,0.004771872510806889
963.64,-0.004293778717184094
964.84,-0.0024187417809290747
966.04,-0.004168199000847525
967.24,-0.0043326473250843555
968.44,-0.003858430789304342
969.64,-0.0009863254445760662
970.84,-0.009108755909853654
972.04,0.003189682322915347
973.24,-0.01558961048589591
974.44,-0.03212880016498027
975.64,-0.003313420236041726
976.84,0.07139641890136737
978.04,-0.06507916282804267
979.24,-0.01888014815698585
980.44,-0.019807579652624488
981.64,-0.01652206745128549
982.84,-0.02884867642131033
984.04,0.011685715125222132
985.24,-0.005180371824250133
986.44,-0.02997360534618472
987.64,-0.013207321170795575
988.84,-0.008141706657820108
990.04,0.019869211090340295
991.24,-0.03769945311887873
992.44,-0.02328289096159452
993.64,-0.024888759109858057
994.84,0.006104347742780794
996.04,0.011413345262896668
997.24,-0.02775006849238116
998.44,-0.01485984125718289
999.64,-0.013079640226855737
1000.84,0.03811152715392065
1002.04,-0.002494369235920744
1003.24,-0.013915850998813694
1004.44,-0.021001154222572028
1005.64,-0.007316251913375197
1006.84,-0.0015637171355478662
1008.04,0.010551666559374253
1009.24,0.05631127733315926
1010.44,0.014743098859019315
1011.64,-0.012017814998913903
1012.84,0.014661816981986587
1014.04,-0.016699868923687387
1015.24,0.0009497393453424559
1016.44,-0.0038791422615672365
1017.64,0.0021353474003774037
1018.84,-0.0057693717393204795
1020.04,-0.04967608400834181
1021.24,0.012524445816483373
1022.44,-0.06329127848745363
1023.64,-0.006975068570224837
1024.839,0.0
1026.04,0.0
1027.24,0.0
1028.44,0.0
1029.64,0.0
1030.839,0.0
1032.04,0.0
1033.24,0.0
1034.44,0.0
1035.64,0.0
1036.839,0.0
1038.04,0.0
1039.24,0.0
1040.44,0.0
1041.64,0.0
1042.839,0.0
1044.04,0.0
1045.24,0.0
1046.44,0.0
1047.64,0.0
1048.84,0.0
1050.04,0.0
1051.24,0.0
1052.44,0.0
1053.64,0.0
1054.84,0.0
1056.04,0.0
1057.24,0.0
1058.44,0.0
1059.64,0.0
1060.84,0.0
1062.04,0.0
1063.24,0.0
1064.44,0.0
1065.64,0.0
1066.84,0.0
1068.04,0.0
1069.24,0.0
1070.44,0.0
1071.64,0.0
1072.84,0.0
1074.04,0.0
1075.24,0.0
1076.44,0.0
1077.64,0.0
1078.84,0.0
1080.04,0.0
1081.24,0.0
1082.44,0.0
1083.64,0.0
1084.84,0.0
1086.04,0.0
1087.24,0.0
1088.44,0.0
1089.64,0.0
1090.84,0.0
1092.04,0.0
1093.24,0.0
1094.44,0.0
1095.64,0.0
1096.84,0.0
1098.04,0.0
1099.24,0.0
1100.44,0.0
1101.64,0.0
1102.84,0.0
1104.04,0.0
1105.24,0.0
1106.44,0.0
1107.64,0.0
1108.84,0.0
1110.04,0.0
1111.24,0.001588137524703575
1112.44,0.0049809129052039046
1113.64,0.015971745769907876
1114.84,-0.0020940627053506983
1116.04,-0.005328509784529345
1117.24,-0.020538086680889574
1118.44,0.02036115225279576
1119.64,0.001452141261222046
1120.84,-0.04629279724329175
1122.04,0.1812997661198608
1123.24,-0.01786465860240582
1124.44,-0.03112121444009712
1125.64,0.0293385096172084
1126.84,-0.007198889569277059
1128.04,-0.02120808861564087
1129.24,0.007014883857030619
1130.44,0.04359145236070414
1131.64,-0.08767574760287815
1132.84,0.030604647693210814
1134.04,-0.019156131240973415
1135.24,-0.010167917179700031
1136.44,0.0066057483700990675
1137.64,-0.00026217687641488704
1138.84,-0.0013038575249196818
1140.04,-0.02736982878524856
1141.24,0.016563265184989844
1142.44,0.043641434878649646
1143.64,-0.07320511879599496
1144.84,0.001478631068276915
1146.04,-0.01855988076820271
1147.24,-0.04310742703896732
1148.44,-0.028663620531944104
1149.64,-0.00988369463106643
1150.84,5.485434729076335e-05
1152.04,-0.010109996558510416
1153.24,-0.010361180426786675
1154.44,-0.012289702859314472
1155.64,-0.0013259062382308285
1156.84,0.0096117091823761
1158.04,0.0031629039805653987
1159.24,0.012459650004174656
1160.44,2.7511076204979797e-05
1161.64,0.010714653399762453
1162.84,-0.0031491587249002704
1164.04,-0.004773030812015391
1165.24,0.008115270474525224
1166.44,0.003991594412956148
1167.64,-0.020332359042682394
1168.84,0.005308737057056931
1170.04,-0.02509785612290125
1171.24,-0.00792183848395583
1172.44,-0.005027785000735407
1173.64,0.005433397827492062
1174.84,0.024000971165660728
1176.04,0.06422132039476255
1177.24,-0.014842716676873003
1178.44,-0.06361019403715101
1179.64,0.04781024810688588
1180.84,-0.0029870475665812264
1182.04,0.010581824795701881
1183.24,0.04989584039522448
1184.44,0.23103646570546105
1185.64,-0.014601050901294873
1186.84,-0.0077383317795055254
1188.04,0.03335844008637552
1189.24,0.006014008191553381
1190.44,-0.06971083355583023
1191.64,0.006725919812090812
1192.84,-0.0002777087440930174
1194.04,0.08922761508760385
1195.24,0.011117393778792894
1196.44,-0.009220134594590389
1197.64,-0.0003354192688974328
1198.84,-0.01246751421196565
1200.04,0.0024951638311034446
1201.24,-0.011574800302547953
1202.44,0.00025981316235055885
1203.64,0.01436885482735939
1204.84,-0.053051510365229114
1206.04,0.0061330824669907046
1207.24,-0.010884398267315132
1208.44,0.01111181167434894
1209.64,0.0008656247104191143
1210.84,-0.12934556043546827
1212.04,-0.00947291032997105
1213.24,0.007007708517928424
1214.44,-0.0015760575283174727
1215.64,-0.018426827801501525
1216.84,-0.010576912691870435
1218.04,-2.7596931624187156e-05
1219.24,0.00634592093638864
1220.44,0.008103683632559321
1221.64,-0.005825552483985852
1222.84,-0.006390038137192335
1224.04,0.030551493463375327
1225.24,-0.001499980988723035
1226.44,0.004526634721905282
1227.64,-0.0032726087559810653
1228.84,-0.005144766787818381
1230.04,-0.05059386828353836
1231.24,-0.0026313692796350752
1232.44,0.00857366173112933
1233.64,0.02187443538105536
1234.84,-0.00013069682360913743
1236.04,-0.027503441330358164
1237.24,-0.013616670670332287
1238.44,-0.05659623348922269
1239.64,-0.01686916159526111
1240.84,-0.000999619884008632
1242.04,0.008597359485733277
1243.24,0.02649971724143324
1244.44,-0.05523335752623094
1245.64,-0.03156686253103367
1246.84,-0.007779765806670539
1248.04,0.006604311545672226
1249.24,-0.025997776186868025
1250.44,0.041102028600148284
1251.64,0.12424183642991803
1252.84,-0.11620129430104136
1254.04,-0.02204291806642027
1255.24,-0.01644520587446219
1256.44,-0.012647214376341972
1257.64,-0.01785615669653883
1258.84,-0.018247248909871495
1260.04,0.15123239260867966
1261.24,-0.04142188903584832
1262.44,-0.026363330497224658
1263.64,0.0033174449573012297
1264.84,0.0038592099348840614
1266.04,-0.0044685147191649
1267.24,-0.015469443755849268
1268.44,-0.15748939508514062
1269.64,0.021580671000740622
1270.84,-0.002872292660149006
1272.04,-0.021110456645589762
1273.24,0.0022299557441861515
1274.44,-0.006088763407546838
1275.64,0.03444614450534756
1276.84,-0.006148483820985982
1278.04,0.0048994346990829515
1279.24,0.007671946993893707
1280.44,-0.010629233964421203
1281.64,0.015370828676203326
1282.84,-0.0945960341622654
1284.04,0.016894412004508568
1285.24,-0.0027082260557714935
1286.44,-0.003742150496494469
1287.64,0.022464283534225325
1288.84,-0.042987187648224075
1290.04,-0.05773706732034648
1291.24,-0.01690819076726077
1292.44,-0.07134603292144479
1293.64,0.012115250009470143
1294.84,0.007379633448450115
1296.04,0.021196525823018838
1297.24,0.09658119383950908
1298.44,0.0036517781146945512
1299.64,0.006339416440727652
1300.84,0.0030915457891066123
1302.04,-0.01955268409051834
1303.24,0.03721629509548469
1304.44,-0.04904770167089089
1305.64,-0.01564713770867914
1306.84,-0.06117260914794733
1308.04,-0.013046539048285295
1309.24,0.09990471085718403
1310.44,-0.04303399370829009
1311.64,-0.03398694969382419
1312.84,-0.10227262078851966
1314.04,0.18851866567797645
1315.24,0.04220749361656806
1316.44,0.012725786832344098
1317.64,0.014069352595361623
1318.84,-0.018202846430932933
1320.04,-0.006619387779257791
1321.24,0.043919224973890336
1322.44,0.040528205191015604
1323.64,-0.030711738168776415
1324.84,0.10429911248145328
1326.04,0.009612124448638943
1327.24,0.012826400132436251
1328.44,-0.017194493001026146
1329.64,0.034872405951072744
1330.84,-0.029991402325520125
1332.04,-0.01729155724107324
1333.24,-0.0233538461027492
1334.44,0.022387748717556576
1335.64,0.039990376597220864
1336.84,-0.0068994009563427385
1338.04,-0.18032115497821294
1339.24,-0.017677753139858015
1340.44,-0.009784356429535538
1341.64,0.004301671271844229
1342.84,0.05301283234953336
1344.04,0.0777522626023239
1345.24,-0.018361159577371448
1346.44,-0.008437619332755174
1347.64,-0.0071368086296261365
1348.84,0.01780707783221949
1350.04,0.0027774371365711053
1351.24,-0.005565924120235289
1352.44,-0.006835601576854683
1353.64,-0.0007499983721254641
1354.84,0.0002155209859304373
1356.04,-0.00021662870741310014
1357.24,0.00925679908418156
1358.44,-0.00010306999593562664
1359.64,-0.004992967212693494
1360.84,-0.006807677889673864
1362.04,-0.01435517848116007
1363.24,-0.04559084321387323
1364.44,-0.11311659687359604
1365.64,-0.004766901919578436
1366.84,-0.04645527554555289
1368.04,0.004722701792074749
1369.24,-0.0028253874121812483
1370.44,0.0029554217797271376
1371.64,0.008272529851240128
1372.84,0.000346052387492575
1374.04,0.003132881133514546
1375.24,-0.0037579908107631243
1376.44,-0.08544263567612807
1377.64,0.007918823137068156
1378.84,-0.036345928447774914
1380.04,-0.0024809965113273737
1381.24,0.008851976750151203
1382.44,0.016795327804905398
1383.64,-0.009266971941983893
1384.84,-0.0015978038134134296
1386.04,0.005733654452334046
1387.24,-0.034740699465220466
1388.44,-0.004853311088229409
1389.64,-0.011337411613948476
1390.84,0.00010269829309551722
1392.04,0.00026401851254827295
1393.24,0.042526049996177935
1394.44,0.0018524788000665764
1395.64,-0.0018789829618515096
1396.84,0.024367317135093138
1398.04,0.008679359309013668
1399.24,-0.012296302576825534
1400.44,-0.06979443665514792
1401.64,-0.14035539722851284
1402.84,0.002149166933995389
1404.04,-0.0003910340008714176
1405.24,0.021303498415606248
1406.44,-0.04857960914455036
1407.64,-0.03205792813223545
1408.84,-0.02093691819564316
1410.04,0.008535004283885506
1411.24,0.0434393687438604
1412.44,-0.008965337330905166
1413.64,-0.009107343023523225
1414.84,0.0020450155533544324
1416.04,0.09572520970923118
1417.24,0.04936565596648373
1418.44,-0.04765126296495634
1419.64,0.0012028460677424469
1420.84,0.0056855882762812
1422.04,0.026121402752798506
1423.24,-0.0028268359308892934
1424.44,0.057296980753485806
1425.64,0.009322885928538844
1426.84,0.007434051002283259
1428.04,-0.0936380172348898
1429.24,0.028366885987290428
1430.44,-0.007166741788088419
1431.64,-0.06011081930020517
1432.84,-0.06541065154855562
1434.04,0.0010161686711986572
1435.24,-0.04771859447870413
1436.44,-0.20923648157688776
1437.64,-0.018383629929840127
1438.84,-0.0069019846935445455
1440.04,-0.01916367878805685
1441.24,-0.013511848074719727
1442.44,0.018121551667717336
1443.64,0.009523651565235668
1444.84,-0.027564197000082193
1446.04,-0.036763054878582
1447.24,0.024701241697664415
1448.44,0.0808697880147354
1449.64,0.018121643697708596
1450.84,-0.01951342079192447
1452.04,-0.013020954341014334
1453.24,0.010151305464540052
1454.44,-0.006823406867066007
1455.64,-0.0014354254157112755
1456.84,-0.006860733462268478
1458.04,-0.11946160656460947
1459.24,0.0005098730449057541
1460.44,0.05043634106686905
1461.64,0.016045510270333532
1462.84,0.005516539638875997
1464.04,-0.001389419927152001
1465.24,-0.0034859340672637406
1466.44,0.004373954829025207
1467.64,0.00346033893469761
1468.84,-0.0015611277222960754
1470.04,-0.006412727113009757
1471.24,0.010240025398251935
1472.44,-0.03465422498034675
1473.64,0.007249151420736501
1474.84,0.03691371503678339
1476.04,0.00025086262125577997
1477.24,0.015027871690841388
1478.44,-0.00253342003519348
1479.64,0.0024098133099238845
1480.84,-0.006579733076729334
1482.04,0.0071547950774263356
1483.24,0.006710981873431865
1484.44,0.0011313422460973073
1485.64,-0.0053159397311184275
1486.84,-0.021563738359589964
1488.04,-0.01427566277162557
1489.24,-0.018431957946749896
1490.44,0.008171964952933422
1491.64,-0.02126989498179166
1492.84,-0.0010482471109712719
1494.04,-0.006890122017642399
1495.24,-0.022051665842358143
1496.44,-0.013934888763557668
1497.64,0.08589818022665603
1498.84,-0.055974558465256466
1500.04,-0.007320409020957204
1501.24,-0.01732560184206168
1502.44,-0.016324180325881198
1503.64,-0.007822572105595036
1504.84,-4.277825323671427e-05
1506.04,0.0005733174809289097
1507.24,-0.0027012565176060266
1508.44,0.002050964832059266
1509.64,0.02293452472336917
1510.84,-0.002778157738471246
1512.04,0.13629704416112134
1513.24,0.02178039125230973
1514.44,0.09428717789155897
1515.64,0.03818366153469133
1516.84,0.032599589768715305
1518.04,0.31102066090183805
1519.24,0.01786943641702453
1520.44,-0.06678402086364206
1521.64,-0.10766449567376556
1522.84,0.026404412789788726
1524.04,0.02977597956806121
1525.24,-0.015206262706187603
1526.44,0.12982789873517925
1527.64,-0.0422766253795117
1528.84,0.004576726995127408
1530.04,-0.05036738471629111
1531.24,-0.046328413335274356
1532.44,-0.02526054773223792
1533.64,0.035705841260766674
1534.84,0.025164953801933874
1536.04,0.010260131497556668
1537.24,-0.016627356462237394
1538.44,0.026802671333743026
1539.64,0.012913586457429797
1540.84,-0.004800300738427774
1542.04,0.032323901468555884
1543.24,-0.054963466716774476
1544.44,0.005185541494413873
1545.64,-0.07630805545744646
1546.84,-0.005919980657072577
1548.04,0.005099235460262568
1549.24,-0.013798230230591426
1550.44,-0.03569857076997244
1551.64,0.008853832917290102
1552.84,-0.014169914769703518
1554.04,-0.009197513885437663
1555.24,-0.005648828892138853
1556.44,-0.04404923950521947
1557.64,0.007003534128123422
1558.84,0.0031771347417661588
1560.04,0.028738064388851695
1561.24,-0.0014796481743112996
1562.44,-0.018741900520928702
1563.64,-0.046983709544914536
1564.84,-0.13376864218525816
1566.04,-0.04613545800936167
1567.24,0.020988808221244493
1568.44,0.015189850845408647
1569.64,-0.056540587642994515
1570.84,-0.07875380312329643
1572.04,-0.1406272108686499
1573.24,0.13248099186766527
1574.44,0.0067775763209548074
1575.64,-0.01877589213543304
1576.84,0.0052908637486360054
1578.04,0.012540912339354377
1579.24,0.004246152541863202
1580.44,-0.01843378143998333
1581.64,-0.013123141380192115
1582.84,-0.009940378997521308
1584.04,-0.02614090166928286
1585.24,-0.005926441996118752
1586.44,-0.014309318029289775
1587.64,0.007006298731145486
1588.84,-0.029938573300328376
1590.04,-0.08176218908633894
1591.24,-0.09715991158370399
1592.44,0.0028810429660194054
1593.64,0.011136965975300695
1594.84,0.012305611186956448
1596.04,-0.0015618331994700964
1597.24,-0.005319627879573354
1598.44,-0.015258568019882497
1599.64,0.003038871827047225
1600.84,-0.0008620033978659106
1602.04,0.013382776352855537
1603.24,0.2014730180791557
1604.44,-0.06249648165564426
1605.64,-0.030486400205490777
1606.84,-0.004662068342547303
1608.04,-0.06248035565314438
1609.24,-0.018134383815710517
1610.44,-0.026859391759736877
1611.64,-0.045637886300018984
1612.84,-0.004497661065013492
1614.04,0.04196793991198376
1615.24,0.05497294740159833
1616.44,0.0027128992007473037
1617.64,0.04023413035494284
1618.84,-0.008494339409410094
1620.04,0.003657221885967411
1621.24,-0.008270059509838362
1622.44,-0.050965672186570464
1623.64,-0.002870068085099888
1624.84,0.031712438272258135
1626.04,-0.018649968668380295
1627.24,-0.02501677063873402
1628.44,0.01814564180524384
1629.64,0.0009593725160013944
1630.84,-0.00456035076554295
1632.04,0.06217212355201957
1633.24,0.13805991422613864
1634.44,0.024600979113986166
1635.64,0.013562036300830383
1636.84,-0.0017767652747581872
1638.04,-0.023905963595529343
1639.24,-0.002056208005051891
1640.44,0.001388497378473756
1641.64,-0.021421956009616164
1642.84,-0.017936096318634322
1644.04,-0.029693715639354655
1645.24,-0.007544088122509827
1646.44,-0.012578819356611426
1647.64,-0.005910721633494458
1648.84,-0.001442787905403044
1650.04,0.006544159231044553
1651.24,0.022035963092707958
1652.44,-0.048805169406894715
1653.64,-0.03151251294459629
1654.84,0.018301979956257396
1656.04,-0.006177782950917373
1657.24,0.008513338971571993
1658.44,0.0005413311044757879
1659.64,0.00703245673769278
1660.84,-0.01470577786648128
1662.04,-0.008825535043620736
1663.24,-0.02029013399513283
1664.44,0.005818624711867875
1665.64,0.03567121838108334
1666.84,-0.021768701589600488
1668.04,-0.03045420762420196
1669.24,-0.024526819502766493
1670.44,-0.011678020542314971
1671.64,-0.017776854680082516
1672.84,-0.01019869675076329
1674.04,-0.027840941331678627
1675.24,0.004173045497597731
1676.44,0.00605335922378886
1677.64,0.0038571073289378056
1678.84,-0.1025255147040681
1680.04,-0.039617339269905204
1681.24,0.008946775911428194
1682.44,-0.014651285797547386
1683.64,0.027320662634908274
1684.84,0.011939093095084202
1686.04,0.00037519303408746946
1687.24,0.0026439542149511264
1688.44,0.008661320459458506
1689.64,-0.06089180373983568
1690.84,-0.10425342824568555
1692.04,-0.02105936096538634
1693.24,-0.002355274553421515
1694.44,-0.0013546794432006978
1695.64,-0.008587451464247584
1696.84,-0.025582521142171723
1698.04,-0.009309632643167153
1699.24,-0.06290756592367382
1700.44,-0.03830518282806225
1701.64,-0.03883584632400906
1702.84,-0.06090854175369533
1704.04,0.1488382263002796
1705.24,0.07618800890045173
1706.44,-0.030511333210561556
1707.64,0.0025047278379270997
1708.84,-0.002020941742318347
1710.04,-0.007896026343028058
1711.24,0.01692589605909196
1712.44,-0.010468267673851136
1713.64,-0.009318338896073008
1714.84,-0.009633626448030248
1716.04,-0.002741237638160843
1717.24,-0.0007106401710723924
1718.44,0.004998141719581508
1719.64,-0.02396397640378593
1720.84,-0.016892931698493166
1722.04,-0.01332310504621103
1723.24,-0.08355159069806109
1724.44,-0.016368122953750765
1725.64,-7.753406286266334e-05
1726.84,-0.001941569975325406
1728.04,-0.012376717494176227
1729.24,-0.010395847069896323
1730.44,-0.0182737218774683
1731.64,0.022685614513868062
1732.84,-0.019458414490144516
1734.04,-0.05477054353489795
1735.24,0.0028091625919661255
1736.44,-0.013065549772351219
1737.64,-0.044377210420199424
1738.84,-0.03390544840873065
1740.04,-0.03649882175393633
1741.24,-0.020121798588356818
1742.44,0.0018381395271749924
1743.64,-0.08063568740600863
1744.84,-0.012944213807131396
1746.04,0.05316771947368868
1747.24,0.013301723197203444
1748.44,-0.022719045028346582
1749.64,-0.013780930688921425
1750.84,0.011677010503858295
1752.04,0.010848380651702193
1753.24,-0.0007742989706965996
1754.44,-0.0010437919273884
1755.64,0.005481046792023999
1756.84,0.008430481713185776
1758.04,0.004668765586775647
1759.24,-0.0020811706663525897
1760.44,-0.00858251057006156
1761.64,-0.04786879273881376
1762.84,-0.007897019212431173
1764.04,0.0059149090555688935
1765.24,0.005241795261328302
1766.44,0.00720167747508483
1767.64,-0.008542289200216211
1768.84,0.14804736320407424
1770.04,0.0038984888911178
1771.24,0.004628700243703357
1772.44,-0.003887954961618766
1773.64,0.0012028827604694075
1774.84,-0.0020910163328981815
1776.04,0.025195218280882323
1777.24,0.0039216686721246
1778.44,0.0056524633868836925
1779.64,-0.0001361806254810319
1780.84,-0.019518339160304828
1782.04,0.0008386612594427402
1783.24,-0.033786136152194855
1784.44,-0.005384314830032688
1785.64,-0.0012683479265615868
1786.84,0.01094846748111259
1788.04,-0.0972726034636398
1789.24,0.01759266183227495
1790.44,-0.00862335625301472
1791.64,0.0828426157462987
1792.84,0.020928044317207458
1794.04,-0.00984783970485211
1795.24,0.023385953415960423
1796.44,-0.004595678906558715
1797.64,-0.008643696835825684
1798.84,-0.019792972390966314
1800.04,0.020797984981931104
1801.24,0.012723190409994211
1802.44,-0.003810453532331364
1803.64,-0.024274311342185603
1804.84,-0.019945180256152197
1806.04,0.01361033697343149
1807.24,0.04830215531838298
1808.44,-0.049480161277796406
1809.64,0.022886247979317157
1810.84,-0.000305733413097362
1812.04,-0.033715389579409824
1813.24,0.20217657284987356
1814.44,-0.01599887593680156
1815.64,-0.04172635099594975
1816.84,0.01683202016857958
1818.04,-0.017111239550057736
1819.24,0.11856000256300016
1820.44,0.00629097447986246
1821.64,-0.008955403690484398
1822.84,0.0035225774992478846
1824.04,0.010556724246002734
1825.24,-0.00573568549502249
1826.44,-0.010106666924969024
1827.64,0.02182729265017658
1828.84,0.007768987541585626
1830.04,0.0336377338073239
1831.24,-0.008121145796852264
1832.44,-0.018551346912738402
1833.64,-0.04308715412248985
1834.84,-0.011009026144287766
1836.04,0.029273648138662102
1837.24,-0.013437763216105984
1838.44,0.0334199707390371
1839.64,-0.013690669948206613
1840.84,0.0017013743130622693
1842.04,-0.009261091953369098
1843.24,-0.0010158740219959328
1844.44,-0.0066633530225094755
1845.64,-0.009189378106224343
1846.84,0.029081302711121994
1848.04,-0.0022592938186569425
1849.24,0.11312387371083245
1850.44,0.005367858587878243
1851.64,-0.0024061700341726855
1852.84,0.012705477908347427
1854.04,0.011630125658174069
1855.24,-0.007758172117043739
1856.44,-0.013223166363122731
1857.64,0.03313237901772554
1858.84,0.0025542918247689617
1860.04,0.01432581564847496
1861.24,-0.005492843432332025
1862.44,-0.06594670226293024
1863.64,0.014572353797901994
1864.84,0.0047766890238950055
1866.04,0.008916157134470588
1867.24,0.007222124370847218
1868.44,-0.004831301206956519
1869.64,0.014192860964700101
1870.84,0.061359384866664715
1872.04,-0.030114388252579394
1873.24,-0.016836329933913836
1874.44,0.022632460514187103
1875.64,-7.831189630826742e-05
1876.84,-0.002650057622588266
1878.04,0.0019235949718869004
1879.24,0.04144254943264463
1880.44,-0.06627478403500973
1881.64,-0.017347784470042323
1882.84,0.0336873171667687
1884.04,0.004936764618517293
1885.24,0.00883472776216469
1886.44,-0.027619671153908197
1887.64,0.026693966603352673
1888.84,-0.016728716915616205
1890.04,0.029320394963649136
1891.24,-0.003154686302018747
1892.44,-0.010307341821978677
1893.64,-0.001748326656724064
1894.84,-0.03383171666284047
1896.04,0.015204673263505837
1897.24,0.13199801451746465
1898.44,0.015644839792224034
1899.64,0.012698036963384386
1900.84,-0.003524865578986476
1902.04,-0.010572471024667842
1903.24,-0.02570417915920032
1904.44,0.00471545409691724
1905.64,-0.006327551709989424
1906.84,-0.012428988312994771
1908.04,0.09550773241720908
1909.24,-0.09902277728662184
1910.44,-0.0423673618430708
1911.64,-0.08114715056365068
1912.84,-0.09567807140051832
1914.04,-0.08033097497023364
1915.24,-0.004027931476705186
1916.44,-0.030000060552582634
1917.64,0.01364539464423015
1918.84,-0.007422162916957981
1920.04,-0.01077620477787985
1921.24,0.0848415051004346
1922.44,0.00909826817758738
1923.64,0.000575499165849935
1924.84,-0.03345186753717171
1926.04,-0.1091266137594093
1927.24,-0.0008363681314819996
1928.44,0.0016511017814202006
1929.64,-0.0032114715791527974
1930.84,0.008587184258239518
1932.04,0.05189750902615383
1933.24,0.07539323319961948
1934.44,0.0068438572372324
1935.64,0.003055041585492168
1936.84,0.0037957938384452264
1938.04,0.009806171279475296
1939.24,0.1381945369612905
1940.44,-0.028897736042417587
1941.64,-0.2116860740720941
1942.84,0.055299348695480505
1944.04,0.010940554706991486
1945.24,0.0043139821790137475
1946.44,-0.00639653408987906
1947.64,0.0038441430935399995
1948.84,0.0
1950.04,0.0
1951.24,-0.014254501211564201
1952.44,-0.012436299736285707
1953.64,0.028168443595946446
1954.84,0.046207433307109344
1956.04,-0.045343348972666814
1957.24,0.038892313494456446
1958.44,0.024956535001209625
1959.64,0.0649330601238514
1960.84,0.05491739368605753
1962.04,0.013340705238292653
1963.24,-0.022635132861728188
1964.44,-0.0029350536194197186
1965.64,-0.003035409117559711
1966.84,-0.011288044106367487
1968.04,0.04182396340086004
1969.24,-0.053632871501985244
1970.44,-0.011070270207668988
1971.64,0.001223533391874654
1972.84,-0.015483329212409974
1974.04,0.019481903392633258
1975.24,-0.04670719025619395
1976.44,-0.01669030301329687
1977.64,-0.00537942601211873
1978.84,0.011966183946972816
1980.04,-0.005412480340286981
1981.24,-0.006402322990778832
1982.44,-0.005617242705505382
1983.64,-0.026803034894364076
1984.84,0.005102383553198525
1986.04,0.0031642497915180968
1987.24,-0.012451081927517814
1988.44,0.005169685999725721
1989.64,0.005003781299401048
1990.84,-0.031779096709909284
1992.04,0.045323675827177286
1993.24,-0.07475790744751715
1994.44,0.0003470723579501229
1995.64,0.035566207400184
1996.84,0.011002426553809267
1998.04,0.01021554022807183
1999.24,-0.016357967208606126
2000.44,-0.0017172476599866795
2001.64,-0.06622317049752019
2002.84,0.015017939967110448
2004.04,0.004707445653881134
2005.24,-0.010697865558138953
2006.44,-0.0003551623157728489
2007.64,-0.005515911720397437
2008.84,-0.1653876663808194
2010.04,0.06549725674580283
2011.24,-0.1188222238098751
2012.44,0.009825518413021534
2013.64,0.012487061968113144
2014.84,-0.02005884530219078
2016.04,-0.04671770457461761
2017.24,0.022795658393834003
2018.44,0.0006455383064051933
2019.64,0.04409351795156045
2020.84,-0.0019150257107911582
2022.04,0.014169862984488569
2023.24,-0.00917752161549849
2024.44,-0.0032498919764769813
2025.64,0.00464834265585612
2026.84,0.013028435439194014
2028.04,-0.012260829060855257
2029.24,-0.018656355265719165
2030.44,-0.014745321494987104
2031.64,-0.07323998421944676
2032.84,-0.11338771906370543
2034.04,0.0022825417852563594
2035.24,-0.06138374870964429
2036.44,-0.0957809478823197
2037.64,0.107768100295944
2038.84,-0.020883289638041213
2040.04,0.01759297573492392
2041.24,0.10940666086473787
2042.44,-0.017619427697177354
2043.64,0.007798870837351936
2044.84,-0.02654197578458773
2046.04,-0.000291964865956403
2047.24,-0.001203599622551015
2048.44,-0.15074384305313535
2049.639,-0.05493117561104134
2050.84,-0.013548746091513452
2052.04,-0.010728075971807777
2053.24,-0.001880452390255757
2054.44,-0.020402066139777107
2055.639,0.026891359433094956
2056.84,-0.02225282810374514
2058.04,-0.015921674318387143
2059.24,-0.0391058391843614
2060.44,-0.01328082692779985
2061.639,-0.014852240089547823
2062.84,0.005846073456742525
2064.04,-0.015501136948121887
2065.24,-0.05583259765532076
2066.44,-0.03690984922802198
2067.639,0.013077312540728036
2068.84,0.004667484042674988
2070.04,-0.005318103183721491
2071.24,-0.014026737702623785
2072.44,-0.004198330939815776
2073.639,0.004317360282851254
2074.84,-0.004039954778520755
2076.04,0.005121603940787925
2077.24,-0.0015003458275744915
2078.44,0.0034335575349333947
2079.639,0.0014765372590800486
2080.84,-0.0788245853134279
2082.04,0.04382048148030086
2083.24,0.0016534854154149092
2084.44,-0.0024498622384091797
2085.639,0.006117875468095627
2086.84,-0.019429325487576445
2088.04,0.06447650969111146
2089.24,0.03582727313430511
2090.44,0.02449092722114418
2091.639,0.04538251309050411
2092.84,0.0029151802184245873
2094.04,-0.01500033151554591
2095.24,0.011764281528044556
2096.44,0.004329557439606072
2097.64,0.028882159365118686
2098.84,0.04487032488681
2100.04,0.020310683297557468
2101.24,-0.08637555739785995
2102.44,-0.14150615020548232
2103.64,-0.00626850015285102
2104.84,0.0007998705106415955
2106.04,0.011140654905538694
2107.24,0.005902167716147486
2108.44,0.028462965069231214
2109.64,0.015324250926015791
2110.84,0.0019600778416006275
2112.04,0.005191374567388935
2113.24,-0.07480269183556668
2114.44,-0.012055037073237867
2115.64,0.027500800051861053
2116.84,0.0006015652429818672
2118.04,-0.0069522443832477744
2119.24,-0.0070043359911831655
2120.44,-0.010118903901629037
2121.64,-0.04073014342503072
2122.84,-0.016062093406739333
2124.04,-0.02001719564015909
2125.24,-0.0048249848099377
2126.44,-0.02712489833578278
2127.64,0.004617418311017365
2128.84,-0.03890539956292508
2130.04,0.006312556703690338
2131.24,-0.04791708235188719
2132.44,0.01559774624644968
2133.64,0.000587093449810142
2134.84,-0.005007689855235401
2136.04,-0.0001999765435021036
2137.24,0.005749595559495427
2138.44,-0.01931108996378468
2139.64,0.002219599722507356
2140.84,-0.0018887060153518602
2142.04,-0.0084853536798802
2143.24,-0.01305592088881844
2144.44,-0.0002016684000951493
2145.64,0.0027510251710932
2146.84,-0.0026627105404297665
2148.04,-0.014560217960785441
2149.24,-0.001538400181034514
2150.44,0.024149437796068558
2151.64,0.05634106814357098
2152.84,-0.08017662079975253
2154.04,-0.04464265575340122
2155.24,-0.019810907841060457
2156.44,-0.058058194951949284
2157.64,0.046899008989165124
2158.84,-0.008031655351818445
2160.04,0.014638660608991546
2161.24,0.02675392471268964
2162.44,-0.04402546724391438
2163.64,0.032975029383113384
2164.84,0.03343580962237628
2166.04,-0.009023428571881669
2167.24,-0.004464861887489247
2168.44,-0.009508263282345875
2169.64,-0.01430604607720502
2170.84,0.1633717687097036
2172.04,0.06030703549502766
2173.24,-0.009388797648525982
2174.44,-0.008551744451947263
2175.64,-0.001415803769295323
2176.84,-0.008241704757851732
2178.04,-0.03811428043611298
2179.24,-0.006543296356501152
2180.44,0.04508294557401314
2181.64,0.02104516715829768
2182.84,-0.01820468209422963
2184.04,0.016489035095587554
2185.24,-0.006895772996597079
2186.44,0.034712381057151735
2187.64,0.005883975442884307
2188.84,-0.014995061388528946
2190.04,0.008943015983146972
2191.24,0.004435587664584516
2192.44,0.068899449097432
2193.64,0.05342903098193892
2194.84,-0.03513576417801646
2196.04,-0.002248756598901654
2197.24,-0.01217378697920901
2198.44,-0.04420787522212696
2199.64,-0.034083222471899016
2200.84,-0.036271178380755394
2202.04,0.023364514857303724
2203.24,-0.0005331571311290845
2204.44,-0.0008874696922316632
2205.64,-0.042280206819056226
2206.84,0.020896003378265485
2208.04,0.011538786044816582
2209.24,-0.02447814921427959
2210.44,-0.0018449937080685056
2211.64,0.0012313663400258638
2212.84,-0.0072266667662611575
2214.04,0.005363292734177529
2215.24,-0.01912249171518327
2216.44,0.0004942130382363507
2217.64,-0.00122802375819332
2218.84,0.00013397914409212937
2220.04,-0.020255968153856826
2221.24,0.0004061247844876234
2222.44,0.0045150228843387746
2223.64,0.016037149070330003
2224.84,-0.010117133612484803
2226.04,0.025307762485722987
2227.24,0.00749132220681263
2228.44,-0.0140375386263726
2229.64,0.0027002068194662138
2230.84,-0.0014919951997283795
2232.04,0.005056658609048899
2233.24,0.008936589583660571
2234.44,0.0041906793342708325
2235.64,0.02207193635553378
2236.84,0.01039807048012579
2238.04,0.021188466023765118
2239.24,-0.03008978643249816
2240.44,-0.050292636463403026
2241.64,-0.031438284909597505
2242.84,0.21278508099660476
2244.04,0.006043743836198811
2245.24,0.004560241476148636
2246.44,-0.011492541691656073
2247.64,-0.004246364074257521
2248.84,0.006600008352830375
2250.04,-0.002332840280458358
2251.24,-0.006292792903750571
2252.44,-0.011401161558974946
2253.64,-0.023270909615197302
2254.84,-0.013506968516711616
2256.04,0.08521261713137189
2257.24,-0.04628172485326036
2258.44,-0.022099827733502147
2259.64,-0.017556258481830938
2260.84,0.01549069517260732
2262.04,-0.009606095658475197
2263.24,-0.06332193889316867
2264.44,-0.06886975075388116
2265.64,-0.03984193569099802
2266.84,0.015900755616656184
2268.04,0.15310479067573557
2269.24,0.012991716592676134
2270.44,0.01939811423885449
2271.64,0.015376200657810453
2272.84,0.001079647269588861
2274.04,0.006330506759022018
2275.24,0.030209703369309907
2276.44,0.12365968743664116
2277.64,-0.023506267251371945
2278.84,-0.01703575092362043
2280.04,-0.0128743827260467
2281.24,-0.014064409434403258
2282.44,0.05609989255468673
2283.64,-0.06285867639329847
2284.84,-0.02620709418898679
2286.04,-0.030259449345979746
2287.24,0.01868912494481676
2288.44,0.05462329748138301
2289.64,0.005405315417942424
2290.84,0.000520220455398425
2292.04,-0.036137493827451746
2293.24,-0.008690475204090959
2294.44,-0.009760235308260291
2295.64,0.10389975515097064
2296.84,-0.004452313357829658
2298.04,-0.007009899692420535
2299.24,0.0034630602317266444
2300.44,-0.002200559632685174
2301.64,-0.00048779105917039325
2302.84,0.010056598730770399
2304.04,0.01139256837940281
2305.24,-0.007529687300945687
2306.44,0.007976194985432748
2307.64,-0.010210365001802219
2308.84,-0.06736497497417061
2310.04,0.0007248074434578533
2311.24,0.008592132699791147
2312.44,-0.0012028627712666966
2313.64,0.002647022529486422
2314.84,0.009307425768836539
2316.04,-0.00183686352216103
2317.24,0.0008129296244471875
2318.44,0.059676945221985384
2319.64,-0.03993620763327122
2320.84,-0.014046542795292665
2322.04,-0.04896565024222642
2323.24,0.2053241254045331
2324.44,-0.12318902969783783
2325.64,-0.0009577176896067476
2326.84,0.00030345532546417384
2328.04,0.006292835113112575
2329.24,-0.005120746785677178
2330.44,0.0406980152390034
2331.64,0.00443615468080997
2332.84,-0.005256559888108108
2334.04,-0.0327898997643002
2335.24,-0.04189692208076891
2336.44,-0.015094012319070586
2337.64,0.008797233195647014
2338.84,0.017277268714144565
2340.04,-0.006475942163899037
2341.24,-0.011709298047418453
2342.44,0.010157459572516727
2343.64,0.06718139018437058
2344.84,0.010791337042128417
2346.04,-0.008985462986374548
2347.24,-0.004393198960692858
2348.44,-0.1422308398008238
2349.64,0.011620155456768045
2350.84,-0.003607025396141133
2352.04,0.011860408823907712
2353.24,-0.10103723490151592
2354.44,-0.0482653789399445
2355.64,-0.05777745122511909
2356.84,-0.025957374323683977
2358.04,-0.038472378084682804
2359.24,0.0036438322528467237
2360.44,0.037290651475311236
2361.64,0.001393938136129701
2362.84,0.031200713848079476
2364.04,-0.0014532853196882677
2365.24,-0.003699338139663469
2366.44,0.015013025194180364
2367.64,-0.0070555364784325135
2368.84,0.010763271411918207
2370.04,0.01934053575801016
2371.24,0.004592146035993649
2372.44,-0.03222966917941124
2373.64,0.05280482478343708
2374.84,0.1270179200626182
2376.04,0.03273241945969202
2377.24,-0.0057467770012963335
2378.44,0.014213523947486033
2379.64,0.027377930981294547
2380.84,0.020125792844730775
2382.04,-0.01323470705283968
2383.24,0.007064260514796809
2384.44,-0.04652448088922429
2385.64,0.006335984683855533
2386.84,0.005813215237935882
2388.04,-0.0034648298197878665
2389.24,0.0019607465782182924
2390.44,-0.00012659969630812
2391.64,0.0008282059023809991
2392.84,-0.015435378852129915
2394.04,-0.005691609787827074
2395.24,-0.026598898408167482
2396.44,-0.049074981479754615
2397.64,-0.01950097867247004
2398.84,-0.016668021147279683
2400.04,0.0002181860277711333
2401.24,-0.027643262332297518
2402.44,-0.009988200817538696
2403.64,0.03580884007717501
2404.84,0.15943472136116327
2406.04,0.01837527021760219
2407.24,-0.003437050790759354
2408.44,0.0025585993850606005
2409.64,-0.016597848589501068
2410.84,-0.0009756253953146703
2412.04,0.204922467823052
2413.24,0.12158567431912028
2414.44,-0.036931264316927725
2415.64,-0.012034193221150126
2416.84,-0.0023168424560368367
2418.04,0.015600123180091546
2419.24,-0.0182173600491976
2420.44,-0.012772960693559873
2421.64,-0.06502615455516238
2422.84,-0.057819027494188296
2424.04,-0.018372887288229615
2425.24,-0.025767130589191382
2426.44,-0.18087882478412085
2427.64,0.027795853263345393
2428.84,0.050450230482320814
2430.04,0.10239482514002575
2431.24,-0.030737684791703423
2432.44,-0.02411775017010664
2433.64,-0.1616011413713369
2434.84,0.00429272594148024
2436.04,-0.051048214967017363
2437.24,0.04636905141174
2438.44,-0.00827209478480221
2439.64,-0.00622485120954863
2440.84,0.009749730811474906
2442.04,-0.05122832475640374
2443.24,-0.013889868417646114
2444.44,-0.0013321406788459158
2445.64,-0.012976184890922986
2446.84,-0.0024349312291604927
2448.04,-0.005377344572652404
2449.24,-0.008724708687062654
2450.44,0.049378246439396305
2451.64,0.013252925763335779
2452.84,-0.04852810372319581
2454.04,0.00933548643268351
2455.24,-0.0011262668092043644
2456.44,-0.03641687764814213
2457.64,0.01285183789372052
2458.84,-0.005192894623028684
2460.04,0.0323231799096792
2461.24,0.0034000578161905172
2462.44,0.02299256134330047
2463.64,-0.01362133319150854
2464.84,-0.005262013071713845
2466.04,-0.00689195695335361
2467.24,-0.008798433340685852
2468.44,0.00499081707938287
2469.64,-0.037696019183866857
2470.84,-0.03034511113520154
2472.04,-0.035231664052247105
2473.24,0.1313136389628251
2474.44,-0.002882296127558679
2475.64,-0.017137470626552027
2476.84,-0.00523951130254952
2478.04,0.015921325524379457
2479.24,0.00884127702572
2480.44,0.005124068954880092
2481.64,0.058038724833764724
2482.84,-0.02780087478660263
2484.04,0.006286976166700566
2485.24,0.042828615166892424
2486.44,0.013701349123954373
2487.64,0.004027537358177781
2488.84,-0.004277256757739719
2490.04,-0.004264056186828672
2491.24,-0.03915082553340925
2492.44,-0.035858901458092535
2493.64,-0.04478157751356134
2494.84,0.04342715425938329
2496.04,-0.0024379710539893765
2497.24,-0.012791996584460058
2498.44,-0.001836892695475593
2499.64,0.03574756872687876
2500.84,0.0041055057112194485
2502.04,-0.004323964820253967
2503.24,-0.0034049566781026662
2504.44,-0.0025428108260455553
2505.64,-0.0013784798129686331
2506.84,0.0320121760907178
2508.04,-0.043881957011145056
2509.24,-0.019302334090104067
2510.44,0.009570752917973309
2511.64,-0.004861762818601106
2512.84,0.0004529190051719416
2514.04,-0.003268303007908354
2515.24,0.0035199755947603983
2516.44,0.00197856059681746
2517.64,0.034087944722230014
2518.84,-0.013551626844394727
2520.04,-0.010911929455704046
2521.24,-0.005254424561097787
2522.44,0.023178620670399146
2523.64,-0.01100832995351313
2524.84,0.004341968790303807
2526.04,0.007933269677200878
2527.24,-0.0102935831980414
2528.44,-0.03980126377980844
2529.64,0.0022120275020608864
2530.84,-0.02343511042542599
2532.04,0.00961704492718248
2533.24,-0.0004954711478608302
2534.44,-0.0027372762401800584
2535.64,0.0048529190067339075
2536.84,-0.04350234693506134
2538.04,0.0036364178415320266
2539.24,0.002162084172098172
2540.44,-0.0008794125979349216
2541.64,-0.01686453268021674
2542.84,0.011272240128629029
2544.04,0.005869961759036433
2545.24,0.0012070610649568658
2546.44,-0.006167883922784541
2547.64,-0.02603622158771422
2548.84,-0.0011045558343822232
2550.04,0.004581348677252742
2551.24,0.0009593884921736045
2552.44,-0.00033936155234565575
2553.64,0.012361158407348726
2554.84,-0.02543992537747931
2556.04,-0.019001026614075604
2557.24,-0.03538986648039543
2558.44,0.004270800583857199
2559.64,0.005813284732222202
2560.84,-0.01501631164912082
2562.04,-0.00440308805799676
2563.24,0.0013384517712325397
2564.44,0.01610942593337806
2565.64,-0.0006136162208591341
2566.84,-0.011709291461197232
2568.04,0.0037025037363103814
2569.24,-0.023213247861726582
2570.44,-0.03735185306648403
2571.64,-0.02226064317811746
2572.84,0.052144758976356655
2574.04,-0.014768155651739735
2575.24,0.0695133663388787
2576.44,0.19515320470671008
2577.64,0.029255314228340174
2578.84,0.0008647598620580684
2580.04,-0.12124898567334545
2581.24,0.011482017455215796
2582.44,0.012493150612396182
2583.64,-0.02047722491062536
2584.84,0.02970490918525276
2586.04,0.00010858566470239884
2587.24,0.019953886112839568
2588.44,-0.01801922676608077
2589.64,-0.019457798126329987
2590.84,0.023838975451604606
2592.04,0.011332986004789929
2593.24,0.00626569981418199
2594.44,0.000651516343542489
2595.64,0.0026103351944940225
2596.84,0.01048957844597848
2598.04,-0.005723520918901697
2599.24,0.037058105790117354
2600.44,-0.0023337560002353297
2601.64,-0.002356792334482867
2602.84,0.007262099894441894
2604.04,-0.014901674462896175
2605.24,-0.03119912695696053
2606.44,0.02636893892118765
2607.64,-0.0018558781750590498
2608.84,-0.032266515102835173
2610.04,-0.01623461687457213
2611.24,-0.046954296472424724
2612.44,-0.019334028941555902
2613.64,0.002404827397080034
2614.84,0.0006765849667297227
2616.04,-0.011063691484803687
2617.24,-0.035679530011443056
2618.44,0.015930533002544732
2619.64,-0.029117306660901003
2620.84,0.04072281790712116
2622.04,-0.00616846305140938
2623.24,0.0035258234780559455
2624.44,-0.050066457065915955
2625.64,-0.003921466273522645
2626.84,0.0008389628242995064
2628.04,-0.02314328288101373
2629.24,-0.0041781148873933005
2630.44,0.0017262735732098476
2631.64,0.04417544054554247
2632.84,0.0004507472267142547
2634.04,-0.0037753768953284863
2635.24,-0.01567221999573243
2636.44,0.0003761288548508999
2637.64,0.006437816098002805
2638.84,-0.03424256471954983
2640.04,0.016694079711139877
2641.24,0.050577195160304754
2642.44,-0.0024438147507497214
2643.64,0.007446913263959857
2644.84,-0.0008527359333576531
2646.04,-0.0006108172598909394
2647.24,-0.026252803737402148
2648.44,-0.0329157195862587
2649.64,0.01779480454653122
2650.84,0.009065007785735747
2652.04,0.0012151138151967338
2653.24,0.006291781216865666
2654.44,0.0015988014697533002
2655.64,0.02270265183003885
2656.84,-0.0017200445469097493
2658.04,-0.014915113693176586
2659.24,-0.03879439626926476
2660.44,0.030288441092885858
2661.64,-0.07306770847684141
2662.84,0.008526214457193624
2664.04,0.010627528298723104
2665.24,-0.0011346105472985516
2666.44,0.014482727158561656
2667.64,-0.004983518607470384
2668.84,0.093846312317096
2670.04,-0.013118996205459225
2671.24,0.05416434809071775
2672.44,-0.020819292677831225
2673.64,-0.0027808993891077624
2674.84,-0.007949752332593806
2676.04,0.004255515277552305
2677.24,0.020218100452868648
2678.44,0.003193779891201907
2679.64,-0.022055569220793058
2680.84,0.0016967180176400596
2682.04,0.001629542419840893
2683.24,0.06934745194707216
2684.44,0.005062524927372425
2685.64,0.033941231642332516
2686.84,-0.0007091572702723669
2688.04,0.008743153574096609
2689.24,0.00607037439779107
2690.44,0.0004778048590355728
2691.64,-0.002080375289795011
2692.84,-0.011962348278295698
2694.04,-0.0001932371947566532
2695.24,-0.05921306041195583
2696.44,0.025119557200338188
2697.64,-0.0058988739426787985
2698.84,0.007956560927770435
2700.04,-0.013270558204727669
2701.24,-0.016201861950726537
2702.44,-0.016556724184349787
2703.64,0.0016270841932811346
2704.84,-0.0301489638113452
2706.04,-0.0032507253312197676
2707.24,0.001437526677539328
2708.44,0.00623696554331894
2709.64,-0.006768169398155246
2710.84,0.0015398118703279862
2712.04,-0.001661326558991515
2713.24,-0.03906046297878414
2714.44,-0.04070868379134574
2715.64,-0.053244409950064735
2716.84,-0.04431584790059733
2718.04,-0.005681381931647065
2719.24,0.002897827247451542
2720.44,-0.009472480428063495
2721.64,-0.01956135846466437
2722.84,-0.004990427809547963
2724.04,0.022211240433295712
2725.24,0.032453841441298564
2726.44,0.026725864343133947
2727.64,0.00927598301584512
2728.84,-0.012066858128430948
2730.04,0.008465342791509393
2731.24,0.0004020169956759407
2732.44,-0.0026795477298983453
2733.64,0.00141711833754042
2734.84,0.0025372205220013672
2736.04,-0.025238013275820596
2737.24,0.0032208032135434567
2738.44,0.010659091866651009
2739.64,0.016458632526658194
2740.84,-0.03371558617024169
2742.04,0.03803101284003287
2743.24,0.033587097011784466
2744.44,-0.010366191039302936
2745.64,0.10178525685487792
2746.84,0.010502258625784204
2748.04,-0.005307419183990626
2749.24,0.009983593173803228
2750.44,-0.00024187361483363003
2751.64,-0.0011336347486912363
2752.84,0.013407679208843214
2754.04,-0.009294408525756904
2755.24,0.06391171233865336
2756.44,-0.00043370888110784434
2757.64,-0.024540204771733416
2758.84,0.004214963657736773
2760.04,0.04415778614367894
2761.24,0.0746070862210206
2762.44,-0.001661896664049381
2763.64,-0.03132100215929215
2764.84,0.021420644637428463
2766.04,0.04529362490207888
2767.24,0.00972935825729852
2768.44,0.020161090583177926
2769.64,-0.01239298652004428
2770.84,0.03939679031227752
2772.04,0.0010639745190965714
2773.24,0.0023229710015438792
2774.44,-0.001511111750344644
2775.64,-0.002356733112766127
2776.84,0.0006829978679626719
2778.04,-0.001633168501209334
2779.24,0.06408567875527649
2780.44,-0.014484861303266202
2781.64,0.029545741613821196
2782.84,0.03521544101347116
2784.04,-0.02075854230220257
2785.24,-0.005719452431396173
2786.44,-0.006959841039362546
2787.64,-0.12140245620132907
2788.84,0.09385222671857057
2790.04,-0.02401149269802823
2791.24,-0.08770740737696595
2792.44,0.0882182743415718
2793.64,0.00024240594220718118
2794.84,7.317193552349998e-05
2796.04,-0.006834003473551254
2797.24,-0.024004003874403088
2798.44,-0.0013111030397676552
2799.64,-0.001546597651403111
2800.84,-0.00027379672959367067
2802.04,0.0008734590964391266
2803.24,0.0112960040920278
2804.44,-3.7481399362800034e-05
2805.64,0.0004478815932754665
2806.84,-0.014930056824966818
2808.04,0.023023560638097327
2809.24,-0.09822131775995543
2810.44,-0.01831482157880371
2811.64,-0.024141132471497573
2812.84,-0.008656234322924273
2814.04,-0.01473076047699016
2815.24,0.010700768089546984
2816.44,0.0058499123865795
2817.64,-0.012424912186623033
2818.84,-0.10365281394930581
2820.04,-0.008381625581191569
2821.24,-0.002449565924864781
2822.44,0.07184700215776287
2823.64,-0.02994254314599849
2824.84,0.06416237229486875
2826.04,0.16085963525523297
2827.24,-0.004889287692526221
2828.44,0.06392135202054974
2829.64,-0.011044467733501605
2830.84,-0.0001321882779593784
2832.04,-0.032254136351922764
2833.24,0.00424589003031754
2834.44,0.006104012065007434
2835.64,-3.607408826331038e-05
2836.84,0.0062257723152675535
2838.04,0.009782420502598543
2839.24,0.014491182308651863
2840.44,0.0038793727576609065
2841.64,-0.0025967204294701997
2842.84,0.0
2844.04,0.00047321933706939007
2845.24,0.00032100686365877767
2846.44,-0.0008521125729431668
2847.64,-0.040217812844242466
2848.84,-0.007657179143394159
2850.04,-0.0012982122775545928
2851.24,0.010668205989835432
2852.44,0.007503175618053814
2853.64,-0.00435831118047435
2854.84,0.008767427525242273
2856.04,-0.0004388656934640009
2857.24,0.01973161765194658
2858.44,0.02939182178883084
2859.64,-0.007872836664623998
2860.84,0.0194235868341491
2862.04,-0.005237261500278744
2863.24,0.003424733645248787
2864.44,-0.002046358782932266
2865.64,0.0
2866.84,0.0
2868.04,0.001607092619944334
2869.24,0.0012980598070111398
2870.44,0.01063448361307268
2871.64,-0.009339013247054186
2872.84,-0.0019490165057128935
2874.04,-0.0006432786356465936
2875.24,0.009247678170517856
2876.44,-0.0029835019956071193
2877.64,-0.018470841512147028
2878.84,0.07804586979307554
2880.04,0.04254502079343029
2881.24,0.013515266581518462
2882.44,-0.014360655813666684
2883.64,0.00996602608948501
2884.84,0.027525336239154395
2886.04,0.016721296426273968
2887.24,0.0006258888908761332
2888.44,0.03978049118208814
2889.64,0.009445631153656642
2890.84,-0.007893894015027486
2892.04,0.0207117113340818
2893.24,-0.030055445651859938
2894.44,-0.0023088986677499866
2895.64,0.0011656196550398007
2896.84,-0.0008425241425090468
2898.04,0.0017895131395354522
2899.24,0.00047213166606432006
2900.44,-0.022569239082632597
2901.64,0.01108101838127219
2902.84,-0.00346466164238866
2904.04,-0.004298944124539953
2905.24,0.0011211649894739366
2906.44,0.0017850561414098
2907.64,-0.07559616383483028
2908.84,-0.024212803861293257
2910.04,-0.05889704089040017
2911.24,-0.010067679248664507
2912.44,-0.002265176952920813
2913.64,0.0
2914.84,0.0
2916.04,0.0
2917.24,0.0
2918.44,0.0029301551914566776
2919.64,-0.05345874008399209
2920.84,0.16959876453418332
2922.04,0.0037911868512199983
2923.24,0.029388705366543845
2924.44,-0.0067753741737694335
2925.64,-0.005712820639487032
2926.84,-0.002628932177876812
2928.04,0.016352202256297237
2929.24,0.003455644711132759
2930.44,0.0015918111598429902
2931.64,-0.0010911793554797117
2932.84,-0.012119295875174182
2934.04,-0.00019246763223946574
2935.24,0.004802481193128861
2936.44,-0.002219653110600758
2937.64,-0.004001694028343934
2938.84,-0.0014231818214162394
2940.04,-0.006670082564415722
2941.24,-0.0013339083992831356
2942.44,-0.0025935092306990665
2943.64,0.0022265564063682066
2944.84,-0.0016607716159264827
2946.04,0.0006358108247498824
2947.24,0.003556652060264581
2948.44,-0.00014675170870902856
2949.64,0.014274135042300039
2950.84,0.0023813639641940996
2952.04,-0.019037992258705214
2953.24,-0.0068684781883887325
2954.44,0.00920657988758851
2955.64,0.00031529063749033507
2956.84,-0.025638465117514695
2958.04,0.0027982110206414917
2959.24,0.022788799677092752
2960.44,-0.005326248391818121
2961.64,-0.00207352591350866
2962.84,0.014682439947734473
2964.04,-0.027360741967041483
2965.24,-0.017799375157079612
2966.44,0.0679952442214845
2967.64,0.0038835822741885087
2968.84,0.009976899195822397
2970.04,-0.009181836610232693
2971.24,0.01787063160646429
2972.44,-0.005067679921851697
2973.64,0.014165307337817862
2974.84,0.0003241684709444021
2976.04,0.0061119678875856545
2977.24,-0.00018709796511197143
2978.44,0.03960556682355618
2979.64,-0.045957389185084026
2980.84,0.020863272510332265
2982.04,-0.0019515650038533208
2983.24,0.0066586430971461675
2984.44,0.0017298725757882597
2985.64,-0.003298194743399887
2986.84,0.0005317598120720941
2988.04,0.0039694757991028135
2989.24,0.010084922362181465
2990.44,-0.007335552835735546
2991.64,-0.0012777570382685518
2992.84,0.0007759284552103277
2994.04,-0.0253752095144531
2995.24,0.10241123919139263
2996.44,0.019350697103776276
2997.64,-0.033463790708375324
2998.84,-0.03673022461870749
3000.04,0.011260953166869073
3001.24,-0.0063280386360060606
3002.44,0.025904015867437905
3003.64,-0.0007098056976609754
3004.84,-0.0022398771368295086
3006.04,-0.005009520591412163
3007.24,0.002181442984135611
3008.44,0.009421688450936359
3009.64,0.024660839039855376
3010.84,-0.0007320110418085078
3012.04,0.0036168230095741096
3013.24,0.0024573486138483335
3014.44,0.005636699371559795
3015.64,0.0013938931307501013
3016.84,0.0015282987177238452
3018.04,-0.0032492004000042383
3019.24,0.006563423956828334
3020.44,-0.011267910721364271
3021.64,-0.02131669419340294
3022.84,0.10007692537326944
3024.04,-0.09213019087485398
3025.24,0.12204497244934119
3026.44,-0.002341602056550106
3027.64,-0.0010702215818210413
3028.84,-0.0029586911208803173
3030.04,-0.06653074667809956
3031.24,-0.005311926751281167
3032.44,0.021165031302901857
3033.64,0.009272423598647887
3034.84,0.043235076387517335
3036.04,-0.0027065523532406673
3037.24,-0.005305000808308652
3038.44,-0.0017797582698802668
3039.64,0.040096160933746995
3040.84,-0.0024283991904784996
3042.04,0.018210899238424127
3043.24,0.010181848566096328
3044.44,-0.010314104131921024
3045.64,0.023996083736616953
3046.84,0.0004172074119168546
3048.04,0.009445995034964865
3049.24,0.004205303896364473
3050.44,-0.0038811729917947162
3051.64,0.011592549483800433
3052.84,0.0026512936980492004
3054.04,0.005265968353500583
3055.24,0.05303019780924413
3056.44,-0.003919939570878922
3057.64,-0.0009475798653138667
3058.84,0.0
